,holdout_pred
0,600222.5667934418
1,614643.7910218239
2,365600.1368818283
3,403796.39360046387
4,570522.3583288193
5,626413.5003442764
6,357572.0165896416
7,297051.0125975609
8,509439.70964956284
9,278896.93188381195
10,643905.5791244507
11,468333.7127699852
12,452674.18616867065
13,314094.88256311417
14,343117.7089343071
15,795616.1585321426
16,901439.0636634827
17,603244.6635966301
18,526108.2819123268
19,230940.5047864914
20,527251.4898366928
21,403898.0089521408
22,1639094.325401783
23,252325.7615094185
24,273123.37658786774
25,275953.01406288147
26,550841.3256936073
27,367284.3765268326
28,446072.4471578598
29,446749.88503599167
30,602710.803232193
31,494730.28019332886
32,538989.6866855621
33,522225.9916033745
34,1682863.6200289726
35,942198.4294838905
36,161083.26861476898
37,536760.9925117493
38,1478509.002052784
39,186374.30523109436
40,336225.0489807129
41,544377.4494695663
42,407437.418258667
43,376663.41660642624
44,446393.7646665573
45,445076.036298275
46,836093.0667471886
47,439767.3368487358
48,668559.2653808594
49,463404.7879142761
50,275272.2949151993
51,1122282.47219038
52,475989.30827331543
53,271197.7827653885
54,631510.6392178535
55,469221.93762922287
56,482386.907456398
57,814486.9846110344
58,196868.51768493652
59,551370.989909172
60,547448.4348921776
61,437011.3971333504
62,542114.1221613884
63,1144818.7819633484
64,575200.6626362801
65,465198.9812169075
66,1026756.1620020866
67,474010.49640512466
68,396529.6389183998
69,634178.5025262833
70,777998.6923904419
71,540124.1875224113
72,1075238.917063713
73,132333.79593896866
74,403811.2536535263
75,745428.6228318214
76,690751.2727127075
77,305311.0566291809
78,347050.08651924133
79,370020.58325624466
80,402115.02075862885
81,658977.0162630081
82,458616.1712503433
83,799529.2247462273
84,1234733.32776165
85,359427.0455060005
86,789450.5769414902
87,439489.8654265404
88,131193.49909353256
89,469950.3436088562
90,316370.2848649025
91,494920.3931136131
92,519250.53296899796
93,503502.2528691292
94,383820.9431734085
95,761456.5633020401
96,449853.33064222336
97,365234.6173110008
98,335426.8764705658
99,760152.3783483505
100,393942.43805742264
101,641592.9524669647
102,160052.6192302704
103,425318.17699337006
104,277759.581182003
105,407545.44026374817
106,807177.7694377899
107,501030.78724479675
108,280913.42253112793
109,201113.11735105515
110,637133.7945399284
111,1901399.484556675
112,747208.2331161499
113,209941.77611541748
114,319357.23834085464
115,426268.34501075745
116,486117.3967385292
117,1937237.8961143494
118,519937.34674263
119,198752.1324543953
120,538809.3107428551
121,767238.4990196228
122,1571769.2706227303
123,496368.4431095123
124,686607.6935014725
125,376384.261551857
126,292019.7736334801
127,500865.6565270424
128,261589.56146240234
129,202916.66905546188
130,300453.51765680313
131,248283.6637120247
132,221086.01341485977
133,552000.9031848907
134,328699.5444049835
135,544513.0411167145
136,706009.390627861
137,402302.7139072418
138,293653.0998110771
139,552698.4253854752
140,423828.2771310806
141,664730.097284317
142,209904.98773813248
143,487243.4436020851
144,577707.9204802513
145,401121.2384953499
146,207722.6643614769
147,563997.3988790512
148,314897.08715963364
149,329278.880695343
150,306399.67509412766
151,433307.64112234116
152,629580.1448407173
153,562510.4051494598
154,698357.9047698975
155,612764.0491094589
156,403789.2775168419
157,448019.7210507393
158,185577.15404844284
159,586486.1046509743
160,611542.004073143
161,410440.55849409103
162,278576.08714818954
163,631259.5334830284
164,446118.8234014511
165,579752.0976381302
166,471612.78796958923
167,435606.62950229645
168,494333.03506851196
169,1607287.7564754486
170,240275.46732664108
171,446896.21454048157
172,446706.6847305298
173,499060.12957906723
174,478562.26783800125
175,644083.9783644676
176,347531.13388061523
177,373626.38438272476
178,295212.18492746353
179,281195.58682346344
180,1845937.6394472122
181,588209.073102951
182,1039650.573214531
183,634570.5263934135
184,1143797.2894949913
185,465321.05706834793
186,575906.396955967
187,270989.14914512634
188,504677.31895542145
189,514744.89297533035
190,468938.51695108414
191,636370.8598504066
192,409141.04689216614
193,434086.3882613182
194,317162.56872558594
195,358922.9449276924
196,374540.0149869919
197,628868.7532997131
198,443540.8223543167
199,328621.10570430756
200,312341.00546503067
201,288253.05071926117
202,484834.22771787643
203,872919.7411756516
204,832403.1036396027
205,293682.4707608223
206,165021.01328086853
207,433499.1617951393
208,860972.304461956
209,316979.03603839874
210,336917.7004637718
211,585406.5002670288
212,368607.84030914307
213,244467.0828371048
214,302236.1316380501
215,691483.9838953018
216,271010.52962112427
217,624438.1713895798
218,1307878.4045414925
219,295292.8475570679
220,413834.57771348953
221,661627.1116080284
222,392212.3568572998
223,1131824.9851055145
224,510543.87474679947
225,349776.5172972679
226,680881.723813057
227,365588.586435318
228,330319.2149529457
229,561109.3505444527
230,491111.74156808853
231,929313.7226400375
232,727777.220041275
233,120596.4523692131
234,332731.17057418823
235,552436.2151856422
236,581174.8559670448
237,539745.4768929482
238,129874.50063896179
239,432348.75730228424
240,582658.7377362251
241,293490.69755125046
242,539586.7981300354
243,165880.2126173973
244,312973.69148111343
245,404720.60052871704
246,151474.33809757233
247,563387.4947004318
248,548249.0314464569
249,540906.7890396118
250,563098.40452528
251,686138.685541153
252,461234.3829565048
253,410074.79709148407
254,421636.5800461769
255,425392.7835454941
256,473289.17845869064
257,391941.8444657326
258,628442.852812767
259,421258.83811569214
260,383485.5854668617
261,907313.4184288979
262,561701.9713315964
263,628737.8648791313
264,277622.66073799133
265,496215.40196561813
266,418713.84386634827
267,327133.3890647888
268,2689015.433942318
269,334527.7549419403
270,948268.6692409515
271,1131709.6794404984
272,273784.10497426987
273,508437.57724142075
274,553420.213681221
275,454285.99012851715
276,1075437.3833179474
277,265623.48993062973
278,568418.6856155396
279,956909.522184372
280,818874.8300766945
281,330831.18585824966
282,236261.511885643
283,348600.6025261879
284,506554.3049225807
285,815360.3490204811
286,274428.3973851204
287,419660.29154109955
288,292822.36992549896
289,478920.5097260475
290,309300.99058151245
291,323883.1112565994
292,667961.4170641899
293,70478.22563505173
294,353048.62443113327
295,724887.4050617218
296,841141.8444504738
297,435991.22050619125
298,843114.7843966484
299,478064.9808278084
300,576678.1900029182
301,376871.0129466057
302,289776.4983382225
303,802559.137365818
304,784580.7884922028
305,453177.4681916237
306,983097.8597946167
307,551748.2028436661
308,268838.2606201172
309,295473.74599933624
310,1273491.9948897362
311,1064325.6704425812
312,313407.90769577026
313,313407.90769577026
314,303703.2072377205
315,159428.87077617645
316,653698.3408827782
317,514559.99803590775
318,963020.5367164612
319,516319.88418102264
320,371266.8314805031
321,319245.1810526848
322,558469.7336478233
323,127638.60150575638
324,302380.7366719246
325,262130.69221115112
326,367604.2557282448
327,230497.38908576965
328,456816.35247564316
329,518775.5663957596
330,293419.4635877609
331,401480.51866436005
332,519767.73568058014
333,242640.70684957504
334,347755.4770746231
335,491062.0102920532
336,941137.893032074
337,440847.8712859154
338,184155.45852518082
339,951755.1995949745
340,682313.5569767952
341,284984.91530418396
342,717027.6699185371
343,560556.3426556587
344,330685.6926269531
345,433868.88093185425
346,466782.8939361572
347,448090.8232765198
348,738149.1463384628
349,447627.1304860115
350,853377.3138160706
351,375846.7816915512
352,468875.43971443176
353,509932.4387626648
354,359628.3502678871
355,187144.37382411957
356,571363.6613459587
357,1818884.870613575
358,949175.6108322144
359,875176.681060791
360,493328.06661748886
361,222823.10379171371
362,458892.4476838112
363,560053.9068388939
364,407448.30328702927
365,652088.932363987
366,686092.7423000336
367,1123115.3239059448
368,255104.10511446
369,302461.43679094315
370,647228.9610977173
371,266046.60211086273
372,300787.8729081154
373,554014.0861673355
374,211579.81994390488
375,778092.5949134827
376,663772.603761673
377,467804.3234176636
378,436227.1885128021
379,415388.6727371216
380,539218.3519406319
381,500558.3732075691
382,763280.0249528885
383,282125.63682317734
384,446002.94832086563
385,434711.64950323105
386,524237.241250515
387,807406.8663606644
388,812432.0050187111
389,1966783.1789131165
390,321036.2282066345
391,955341.32062006
392,562562.9596352577
393,531861.2411208153
394,287020.1031074524
395,399745.15600681305
396,701700.8392586708
397,427338.8757176399
398,654171.5000686646
399,603639.2681632042
400,1024439.0254907608
401,317898.04619550705
402,683508.9214801788
403,285859.3773136139
404,228456.7699484825
405,277015.88303518295
406,676878.7533779144
407,430725.2889661789
408,286668.72219753265
409,462131.78807878494
410,466526.97152233124
411,358453.5808401108
412,614894.5787539482
413,736952.9443130493
414,282417.9858250618
415,545955.8237147331
416,190878.0428071022
417,642563.2221331596
418,381068.11754989624
419,743178.0349826813
420,468922.0623240471
421,732340.2436442375
422,678166.3293170929
423,621614.9267511368
424,250344.51688718796
425,653323.160191536
426,505659.7424850464
427,176882.95683193207
428,452022.738740921
429,479622.5444512367
430,467333.27856206894
431,920551.7323484421
432,216668.61038923264
433,834732.1166391373
434,494805.0809764862
435,488187.72727775574
436,441190.74499988556
437,880022.9400048256
438,418640.3893504143
439,557987.7952041626
440,499470.694088459
441,543726.9356374741
442,538491.5570821762
443,356156.9426994324
444,808368.1432027817
445,422776.61550712585
446,246215.0925116539
447,451677.71022892
448,451190.07968091965
449,312728.4699859619
450,322896.1088356972
451,817485.5118460655
452,648368.0685873032
453,759324.0561928749
454,814460.9345731735
455,270732.0026464462
456,419057.7886505127
457,347348.65936899185
458,490488.91373872757
459,307707.5447411537
460,473393.885764122
461,174633.52102041245
462,880837.3724074364
463,108337.911921978
464,357088.8462767601
465,566278.4570379257
466,1259322.74070549
467,553600.9020037651
468,351673.7933268547
469,528754.0598478317
470,437801.19417762756
471,452362.3966150284
472,287673.97389650345
473,577534.1032509804
474,599855.2776389122
475,463178.4791698456
476,511455.9400897026
477,2015371.557209015
478,341946.9308710098
479,418824.8342638016
480,525243.571659565
481,243876.55195760727
482,399150.362262249
483,410760.0748448372
484,611666.8283376694
485,562492.5496973991
486,676234.7045903206
487,362838.20175361633
488,1222765.0560574532
489,727915.2628397942
490,684854.668501854
491,456541.7121067047
492,255603.74614429474
493,351256.2730975151
494,311231.422393322
495,465326.82517147064
496,634036.3136162758
497,661951.2324295044
498,410776.24567079544
499,415381.72587156296
500,318092.54331207275
501,759061.4986991882
502,364336.4025712013
503,467926.88158273697
504,473643.60240125656
505,453645.5101852417
506,453203.4627585411
507,326972.88368701935
508,377699.64348363876
509,288462.92874860764
510,221407.6233587265
511,323774.56036806107
512,402207.45987319946
513,503233.2973666191
514,483353.8706378937
515,416966.55850458145
516,534977.3467364311
517,352430.840736866
518,393613.5557103157
519,740419.0757274628
520,358469.50639390945
521,133817.2585954666
522,584269.4623823166
523,574777.2601823807
524,390551.3247270584
525,863566.9984998703
526,635416.9047236443
527,654023.4802451134
528,452004.0115456581
529,47910.086145401
530,307943.07298088074
531,728630.762673378
532,663597.822570324
533,548628.5178585052
534,414736.74054431915
535,210530.88894033432
536,354198.5213570595
537,784947.3095927238
538,593755.9653606415
539,483278.8504629135
540,338606.46474027634
541,547189.6052365303
542,661252.2514014244
543,546207.240711689
544,560801.0923652649
545,528961.5424604416
546,325613.57556962967
547,558874.9786810875
548,1479610.5946965218
549,341224.8696475029
550,195166.6041917801
551,278304.54003858566
552,318142.0805244446
553,301476.0656399727
554,910585.6291174889
555,275636.9550175667
556,662484.4825792313
557,428597.5057210922
558,625051.1167473793
559,548959.9126925468
560,535328.7073493004
561,492255.8680524826
562,514767.22469711304
563,341241.5708255768
564,729032.0478525162
565,621275.0381627083
566,654911.4309153557
567,400937.3941836357
568,589018.1196069717
569,745160.9487576485
570,527292.0097537041
571,352664.7740826607
572,344794.2913928032
573,604158.27917099
574,391212.3167796135
575,478229.01966285706
576,689316.4214024544
577,305162.0422973633
578,340354.3494515419
579,390283.0666718483
580,451692.041182518
581,523243.3835082054
582,731059.6853404045
583,286965.010283947
584,455259.78562402725
585,468068.4047217369
586,531074.7127304077
587,205312.51909399033
588,505799.87612342834
589,560469.8982839584
590,392266.68239593506
591,399662.7327170372
592,406208.7621498108
593,361732.0776128769
594,323006.8844089508
595,631815.8479781151
596,265313.32560539246
597,246073.56849384308
598,617493.8012433052
599,481048.1461777687
600,522372.2003517151
601,693228.1751770973
602,310293.9585905075
603,317832.85453748703
604,560851.0299787521
605,906071.7612133026
606,264963.96846818924
607,1150875.729815483
608,302741.9889369011
609,2779035.285682678
610,494500.8329310417
611,238549.35151433945
612,1741621.4741134644
613,890508.0986700058
614,1047033.367005825
615,462388.42078256607
616,217552.223405838
617,340645.7620482445
618,365004.9899330139
619,399361.38136196136
620,524573.1109976768
621,553415.93353796
622,415005.1297984123
623,414614.8092727661
624,353216.2890601158
625,281435.3282842636
626,692147.0414614677
627,410294.339597702
628,462292.0007238388
629,982655.1875829697
630,352649.67615127563
631,493773.09705734253
632,272669.7049860954
633,519506.2232732773
634,519533.25625038147
635,566428.1751160622
636,314842.7355065346
637,315973.90408563614
638,432285.70090818405
639,376440.27402210236
640,1387093.0638809204
641,428009.24435710907
642,607531.6309275627
643,201568.28598356247
644,244435.21743011475
645,668067.263572216
646,421884.79089450836
647,423986.7436914444
648,693842.5631074905
649,423174.73081970215
650,530609.260807991
651,1258949.3547172546
652,493731.3786430359
653,243545.80764579773
654,734346.1348567009
655,435747.4060573578
656,303075.8467903137
657,401242.0848813057
658,493201.4435329437
659,795226.8175563812
660,352782.0259838104
661,498666.1206307411
662,1015363.2958245277
663,599673.8843140602
664,435888.15554618835
665,442890.94984960556
666,875156.6936588287
667,512375.9533162117
668,665587.2969703674
669,154338.59919643402
670,1227942.4291152954
671,311210.3870358467
672,876261.56457901
673,581032.9925403595
674,233274.2511844635
675,464399.3722424507
676,367592.811106205
677,477495.26340436935
678,410495.1641693115
679,494980.8345427513
680,633470.4716348648
681,445998.0715780258
682,526856.0364274979
683,357696.0865802765
684,435099.30998945236
685,482019.4466204643
686,338846.9617071152
687,412276.38403606415
688,481084.9434800148
689,525689.8969278336
690,1949716.889895916
691,391348.93488407135
692,381747.67482995987
693,396206.1235675812
694,353164.5242600441
695,484981.7994399071
696,332784.89173555374
697,504933.375852108
698,367019.41774368286
699,739695.6943969727
700,430597.5215702057
701,393306.13395261765
702,371098.36152648926
703,499419.6099462509
704,461506.118496418
705,2096181.0312924385
706,236993.11182832718
707,616148.1546149254
708,324663.77257728577
709,566639.1495137215
710,174544.53147411346
711,729461.383459568
712,945322.5571060181
713,369196.4990787506
714,1155181.5964660645
715,1268703.446064949
716,348735.0392804146
717,579742.0271487236
718,349021.64954185486
719,480601.57939863205
720,563014.6195893288
721,627963.8585805893
722,627388.7745051384
723,360465.2219696045
724,365731.6452636719
725,567204.7529149055
726,449890.5457921028
727,502051.081325531
728,354397.3142094612
729,294901.97273540497
730,291999.7892370224
731,455305.70563459396
732,541084.9863624573
733,746645.7275152206
734,750185.5023274422
735,704296.5608296394
736,506337.2112455368
737,401507.79375743866
738,273549.67460393906
739,496483.68934965134
740,352945.44787454605
741,580814.7518086433
742,11770.353838920593
743,557459.0249443054
744,635077.7558403015
745,296806.53655052185
746,450436.92610788345
747,116451.86770868301
748,301534.68755340576
749,114197.06468582153
750,402076.06271123886
751,606271.466644764
752,344403.9698705673
753,375184.4398598671
754,393181.4629778862
755,686731.7312717438
756,336119.59965896606
757,401105.60964393616
758,523529.9101676941
759,258878.96388864517
760,860266.0046544075
761,558153.2130665779
762,244015.5364780426
763,530700.5982961655
764,434165.878452301
765,480748.5516657829
766,795249.497821331
767,1226478.1408925056
768,301902.72587680817
769,287349.68031454086
770,538631.1373996735
771,466035.9042406082
772,545553.2818946838
773,311685.5001039505
774,244147.66708993912
775,328488.11981773376
776,617312.8313922882
777,570474.9771175385
778,395711.8458657265
779,1800495.8290276527
780,454569.9721393585
781,1002299.0468153954
782,638608.3156232834
783,893127.1919379234
784,389607.6170768738
785,1359347.7891144753
786,433951.3915872574
787,329227.21028375626
788,436040.9006061554
789,778857.8884854317
790,485774.1383256912
791,179813.4618420601
792,547489.0228266716
793,828347.6864652634
794,35775.46772623062
795,444600.52743291855
796,632699.442147255
797,794810.6351737976
798,423506.1626367569
799,339501.0942091942
800,294564.9328842163
801,431629.2214422226
802,216894.98136281967
803,603453.3440461159
804,388676.22999048233
805,378395.6823544502
806,224926.8853750229
807,793896.0507745743
808,813719.1920852661
809,263514.00186157227
810,520871.47258138657
811,1813420.335425377
812,301046.6495170593
813,751342.3124604225
814,437412.79454421997
815,616139.7846050262
816,171959.03387355804
817,322058.36151742935
818,342757.668381691
819,673148.8102946281
820,229183.17365264893
821,959522.2021279335
822,261566.4203824997
823,357669.08649635315
824,638184.314186573
825,494298.12851810455
826,376701.2295293808
827,554915.8934211731
828,544632.3253502846
829,473682.0603351593
830,833529.5400395393
831,718405.2761797905
832,596022.8531441689
833,262491.03447151184
834,216149.6346540451
835,380759.5815873146
836,352761.76345443726
837,582521.6032533646
838,491358.2652964592
839,402735.1148695946
840,712873.5697999
841,380785.008122921
842,455517.95604515076
843,826057.0426645279
844,412818.1570382118
845,562269.6936678886
846,517687.41504764557
847,509477.8986020088
848,732215.7731132507
849,537891.5067429543
850,430442.69171857834
851,277045.8474969864
852,566518.269118309
853,471581.6768989563
854,657853.8996500969
855,490166.77573156357
856,2224822.645983219
857,494192.6310610771
858,431356.46084451675
859,552972.3867487907
860,416290.8378520012
861,425177.37303829193
862,947206.2618923187
863,465366.20847177505
864,731327.409301281
865,378452.2881684303
866,483494.71393442154
867,376022.5991191864
868,719932.9428830147
869,347825.563290596
870,389556.17527103424
871,615214.8966021538
872,402822.6751432419
873,688648.6339759827
874,297287.1507897377
875,302556.9448571205
876,440111.89530944824
877,416709.6916604042
878,314380.37040758133
879,639316.8634285927
880,372183.53942012787
881,401777.1871891022
882,282296.4704990387
883,370468.16697883606
884,421584.2022237778
885,458696.0388903618
886,281900.50099754333
887,594769.1082625389
888,413800.09645318985
889,495644.05272483826
890,546193.6740069389
891,268159.9794216156
892,541734.9546570778
893,947491.9882121086
894,402439.16837739944
895,979657.7669978142
896,387868.61600255966
897,262251.1364502907
898,664504.5677938461
899,744726.8339562416
900,439610.6940231323
901,226691.53519582748
902,418477.0551261902
903,596191.2789964676
904,334728.20190143585
905,625885.5729527473
906,879789.5202708244
907,396248.2468152046
908,515019.79323244095
909,2877018.3210816383
910,1442889.800400734
911,453337.74664258957
912,1452986.385436058
913,313995.7233142853
914,598488.4609866142
915,429520.0868115425
916,1302455.319428444
917,446678.6480984688
918,2036063.7883825302
919,1035020.6270747185
920,308918.7794880867
921,406098.8884296417
922,340195.0140914917
923,389936.35314130783
924,404556.0465054512
925,398387.3831644058
926,573997.6461582184
927,536339.0811181068
928,366233.1131081581
929,354153.03056144714
930,239264.4873638153
931,274867.5297284126
932,498026.64450740814
933,531612.9745116234
934,440802.68721294403
935,420723.32013845444
936,1853568.9987831116
937,237846.91141939163
938,308200.6915740967
939,596039.0708069801
940,190735.1355843544
941,260746.55822229385
942,471209.53516054153
943,394678.83877277374
944,394678.83877277374
945,418797.1612496376
946,418680.3312072754
947,525375.7631855011
948,776350.128762722
949,458253.83578824997
950,922665.0779976845
951,652979.4959945679
952,380069.13872385025
953,487506.1370129585
954,316594.4669342041
955,403290.3652482033
956,413665.8033928871
957,302111.17488098145
958,991442.8716835976
959,530222.0206079483
960,427255.45655345917
961,366271.9428181648
962,697745.5797848701
963,365262.78621053696
964,432942.6813788414
965,370352.7298474312
966,1286544.4810247421
967,640775.8762574196
968,252458.27063465118
969,611634.9151105881
970,608638.729804039
971,644479.809407711
972,224234.71130037308
973,404826.38662338257
974,342674.5102210045
975,174831.32592964172
976,1492613.2262973785
977,473447.89297294617
978,309865.4186372757
979,417746.77306985855
980,170398.48387002945
981,282833.43326568604
982,771725.0735564232
983,823985.80408144
984,423676.9175724983
985,452380.61492729187
986,468632.7648792267
987,440367.9539489746
988,298643.2068758011
989,380706.8480734825
990,722049.5377860069
991,1099413.4882206917
992,429118.46098327637
993,320854.63390493393
994,277553.132171154
995,431703.10118579865
996,518958.8080844879
997,1390876.4607448578
998,711832.0033679008
999,406220.4796857834
1000,294262.09431648254
1001,791020.6132135391
1002,552549.3327598572
1003,334584.99120283127
1004,496573.6539373398
1005,412361.4000110626
1006,208075.19734287262
1007,457371.45033597946
1008,432221.30727767944
1009,520130.00915145874
1010,597696.1247577667
1011,547039.4458618164
1012,1982229.177318573
1013,260949.29469537735
1014,1053065.6329131126
1015,389195.09963321686
1016,603245.7215714455
1017,607506.5819954872
1018,305867.2018957138
1019,546642.9399595261
1020,504174.4521794319
1021,365413.6258134842
1022,400299.2076487541
1023,694367.4695477486
1024,525445.0754432678
1025,453951.1510887146
1026,666921.1660990715
1027,484967.82549381256
1028,382873.25658512115
1029,880998.4143218994
1030,334066.51837158203
1031,134390.42515325546
1032,658492.0491476059
1033,161078.9289674759
1034,690070.6428360939
1035,289817.5098171234
1036,428375.1961898804
1037,818183.4715013504
1038,2516270.2398166656
1039,554487.4932861328
1040,560619.1376991272
1041,663505.1361908913
1042,687762.6064796448
1043,322186.9602794647
1044,564652.1379652023
1045,483099.6015896797
1046,308603.7161664963
1047,545081.7875995636
1048,321326.8966217041
1049,444228.0507411957
1050,351947.7449288368
1051,563597.1034626961
1052,471510.44162607193
1053,373010.3174819946
1054,363048.7619175911
1055,258981.2201499939
1056,546539.203763485
1057,397905.60610580444
1058,318548.4337735176
1059,484052.9864678383
1060,683344.398191452
1061,319748.9645013809
1062,255548.13583135605
1063,330317.2985496521
1064,498804.918551445
1065,432968.99079084396
1066,321476.63803482056
1067,841998.4859418869
1068,523347.9107513428
1069,312751.38155412674
1070,233705.4614057541
1071,328902.9663558006
1072,632804.3437571526
1073,625102.5419545174
1074,213350.102581501
1075,410874.9282588959
1076,1496763.8446564674
1077,982916.9676589966
1078,357432.9007515907
1079,583592.8203320503
1080,289608.915997982
1081,342984.23374176025
1082,364048.6818933487
1083,612836.8687939644
1084,252205.02430438995
1085,1190431.1232013702
1086,346103.5200815201
1087,455687.3540701866
1088,684729.0134530067
1089,153827.91452598572
1090,71723.37748622894
1091,469538.0212597847
1092,1425690.8332595825
1093,412512.72855472565
1094,757982.4282698631
1095,365409.1089859009
1096,254502.47110795975
1097,774918.5726852417
1098,401351.33997154236
1099,557814.5343060493
1100,536201.5239863396
1101,224931.39328336716
1102,805871.9916744232
1103,992177.5905528069
1104,366595.00212955475
1105,635183.7546577454
1106,323236.2407569885
1107,321557.8080611229
1108,281170.92079877853
1109,357823.45262384415
1110,972970.739634037
1111,454611.56950092316
1112,906935.3156046867
1113,302265.43028736115
1114,494878.777381897
1115,516197.9711203575
1116,331013.2997970581
1117,731144.7177262306
1118,714427.0713796616
1119,2098581.101050377
1120,448997.6139407158
1121,481652.7052369118
1122,1539923.7218666077
1123,435685.34159326553
1124,1287187.0267691612
1125,878703.4353413582
1126,498858.62957572937
1127,294403.2128338814
1128,457398.9009490013
1129,276241.7848830223
1130,462402.609606266
1131,320144.18911504745
1132,178048.76301288605
1133,603974.864546299
1134,224057.94056367874
1135,401026.44362688065
1136,779016.9191923141
1137,1446483.8614749908
1138,513748.9616661072
1139,123655.64819765091
1140,418068.09237909317
1141,612185.7861475945
1142,1523960.4315547943
1143,246372.74751520157
1144,569752.9146785736
1145,446396.82819747925
1146,191961.74087429047
1147,709114.9377560616
1148,569057.6699399948
1149,348479.8095822334
1150,342922.906229496
1151,229610.30848169327
1152,627030.8316760063
1153,830800.6358942986
1154,338828.3602690697
1155,458424.100836277
1156,274548.9955468178
1157,521924.0451478958
1158,405310.7766094208
1159,422849.13860321045
1160,350831.77363824844
1161,916745.3466944695
1162,385159.08559560776
1163,261799.0379395485
1164,839406.222796917
1165,2192122.235886097
1166,117298.75083017349
1167,452498.0197482109
1168,447914.1783967018
1169,350161.17550849915
1170,1054191.7824497223
1171,867731.4069070816
1172,209562.24310779572
1173,396076.24112701416
1174,281108.1796402931
1175,731246.9824128151
1176,291112.5746283531
1177,370526.0756626129
1178,432549.5069408417
1179,375100.0866417885
1180,200427.12318754196
1181,712089.569299221
1182,314296.8012223244
1183,538703.2945833206
1184,405637.03717422485
1185,549231.7501540184
1186,332072.6188015938
1187,3400510.5638518333
1188,203018.3908686638
1189,404496.35280942917
1190,367844.73589229584
1191,244186.25009059906
1192,3011442.3669281006
1193,549857.9191689491
1194,377857.44952344894
1195,763691.4679908752
1196,381122.268239975
1197,331024.84663152695
1198,485582.8436808586
1199,485012.4337105751
1200,550127.6007289886
1201,456724.1252708435
1202,584403.1869983673
1203,475495.6860489845
1204,569427.0754261017
1205,698283.5849819183
1206,339061.38141059875
1207,370232.01821136475
1208,197458.5907111168
1209,669091.9656701088
1210,329938.2489566803
1211,468637.43794345856
1212,494097.9554848671
1213,449630.07213783264
1214,330568.1342935562
1215,558600.5451579094
1216,444767.03698539734
1217,455538.6197795868
1218,261835.39140033722
1219,671041.5676488876
1220,399745.68251895905
1221,1540197.4909992218
1222,817917.3927454948
1223,395933.81374549866
1224,204722.0958366394
1225,439455.91961193085
1226,797171.8365807533
1227,398263.9722776413
1228,304613.42770671844
1229,1129965.2756772041
1230,693588.4972395897
1231,516228.4060807228
1232,403932.7241244316
1233,531572.9730167389
1234,321413.75275468826
1235,570223.944393158
1236,572382.1291079521
1237,386187.5294995308
1238,184620.97398614883
1239,1126647.1020421982
1240,403859.3881087303
1241,408854.57325077057
1242,408396.89252996445
1243,597589.2957453728
1244,449838.79027557373
1245,1223345.9802622795
1246,567258.4592928886
1247,278644.69810914993
1248,408120.2860445976
1249,549675.9404654503
1250,407536.43605327606
1251,534607.6060032845
1252,480205.4998612404
1253,869172.7858786583
1254,489038.3418803215
1255,342778.9219136238
1256,403287.6636624336
1257,478689.31582069397
1258,714487.2812066078
1259,188591.72711133957
1260,489465.1726717949
1261,494689.91863155365
1262,731740.4362826347
1263,287409.9460654259
1264,744536.5142226219
1265,938651.8747138977
1266,2439378.3401446342
1267,488056.777053833
1268,268432.6703391075
1269,475924.5614666939
1270,404432.56455659866
1271,412074.0097498894
1272,527415.411113739
1273,737614.4182548523
1274,277777.90376901627
1275,289677.37175893784
1276,257267.59054517746
1277,686009.4641628265
1278,925380.952205658
1279,496404.6739253998
1280,566367.7372846603
1281,253613.62748908997
1282,287634.50158405304
1283,677950.3520679474
1284,331129.8631873131
1285,666825.5681557655
1286,323176.70594501495
1287,371392.8954734802
1288,277837.6384987831
1289,123901.54285001755
1290,556854.0483212471
1291,412531.7644648552
1292,437569.0334558487
1293,679477.8002696037
1294,311075.1785311699
1295,500540.07953596115
1296,376382.084980011
1297,249301.31639432907
1298,948455.0505871773
1299,696969.8884587288
1300,154026.94679689407
1301,437490.4850912094
1302,617203.6743984222
1303,404869.3070449829
1304,1421254.6665329933
1305,270896.07161283493
1306,631481.4024748802
1307,136887.34592819214
1308,589760.6732430458
1309,651122.2683653831
1310,232794.1657357216
1311,357608.35064888
1312,390956.01919031143
1313,914818.0006427765
1314,380008.4741163254
1315,303777.5659599304
1316,1374270.590200901
1317,1185241.8200974464
1318,442254.7183275223
1319,489329.2551074028
1320,275332.0872888565
1321,335419.8972539902
1322,391670.96136283875
1323,565310.4531369209
1324,493200.92924261093
1325,445572.3487358093
1326,400480.14061689377
1327,550293.4567890167
1328,468652.6124391556
1329,616056.0490641594
1330,341711.78700208664
1331,777654.341591835
1332,487085.54329395294
1333,443474.94696092606
1334,672142.0372748375
1335,604372.9207997322
1336,1211211.152258873
1337,267639.19432640076
1338,1418699.7354884148
1339,332305.10435676575
1340,598130.4301457405
1341,1593398.1705842018
1342,833864.9381361008
1343,661623.4319863319
1344,565183.4303545952
1345,118938.92904138565
1346,723931.8634762764
1347,125096.14824724197
1348,506931.71814394
1349,447356.94217061996
1350,455461.15990400314
1351,592308.741871357
1352,427684.768638134
1353,862353.7576947212
1354,452646.3372821808
1355,348298.70167922974
1356,264769.05212163925
1357,485259.11990213394
1358,498088.2979412079
1359,440939.9740099907
1360,446118.0390944481
1361,715873.6644916534
1362,442086.2092471123
1363,503732.37356233597
1364,350756.7863173485
1365,967769.2697987556
1366,665000.7092671394
1367,160106.18763303757
1368,678443.2252554893
1369,634957.9905891418
1370,484020.40174007416
1371,613653.2170705795
1372,434923.57671546936
1373,478825.1255288124
1374,262631.9144949913
1375,454694.99223279953
1376,712506.2301206589
1377,452841.88214063644
1378,478354.80657052994
1379,442059.1303181648
1380,761908.9554877281
1381,407311.3934469223
1382,458114.6407008171
1383,464306.9123044014
1384,286771.71223688126
1385,1062322.879254818
1386,531792.9807858467
1387,321021.11296510696
1388,337328.93056964874
1389,282358.1261353493
1390,669246.6291360855
1391,288457.46084070206
1392,478028.33003664017
1393,388996.4563536644
1394,401016.0408015251
1395,422134.2010984421
1396,578559.6616697311
1397,480409.14558649063
1398,566615.2316651344
1399,358840.19512701035
1400,567457.6465578079
1401,351653.0804748535
1402,484556.0891222954
1403,222136.77942371368
1404,826993.9998054504
1405,510701.8395938873
1406,749026.6475768089
1407,449279.4941935539
1408,398174.4513397217
1409,406158.51907777786
1410,634235.5274400711
1411,704292.9226469994
1412,493299.7691345215
1413,425031.9721684456
1414,439362.72738552094
1415,356193.27524518967
1416,369749.5156106949
1417,394900.4043087959
1418,724646.8717474937
1419,645409.375143528
1420,333522.3796224594
1421,213201.12537956238
1422,414675.1888432503
1423,289627.89691352844
1424,442301.17461013794
1425,1238906.7116146088
1426,1027811.2381873131
1427,56092.53028726578
1428,745958.4349784851
1429,435179.3037223816
1430,356656.2259488106
1431,520349.01566648483
1432,987042.8298187256
1433,93634.08867931366
1434,385957.0727214813
1435,339021.08118867874
1436,567722.5373725891
1437,290772.18595552444
1438,156188.4332871437
1439,280297.60674858093
1440,586662.8620605469
1441,1150524.96144104
1442,363833.5549554825
1443,531575.5586323738
1444,413089.3466525078
1445,485149.7538719177
1446,428730.1509799957
1447,347802.2532944679
1448,331216.431804657
1449,303917.9693675041
1450,581542.6268906593
1451,445759.55262231827
1452,198043.645072937
1453,522529.64479637146
1454,631265.8975930214
1455,323949.2923746109
1456,668912.7009539604
1457,286528.0173473358
1458,974793.7129044533
1459,284613.4335155487
1460,502942.8380355835
1461,214879.97176647186
1462,662201.2528219223
1463,460961.9607424736
1464,458004.6933493614
1465,541149.5274319649
1466,742447.7097578049
1467,542895.6983938217
1468,604533.1200342178
1469,506544.47792100906
1470,757112.6982221603
1471,493278.7113723755
1472,349506.48551511765
1473,369220.62608385086
1474,704693.7571310997
1475,410604.33637046814
1476,456692.78364896774
1477,510424.8670949936
1478,1961403.4502716064
1479,590028.2586808205
1480,1019537.22772789
1481,393690.21284389496
1482,293427.1987814903
1483,405223.2278008461
1484,481240.97547101974
1485,804170.385014534
1486,1105367.136024475
1487,603975.6713161469
1488,326323.85185718536
1489,835560.8959517479
1490,396877.2111234665
1491,424430.69830036163
1492,1816108.194811821
1493,581880.6982760429
1494,281652.87599515915
1495,655361.7277240753
1496,275843.68186855316
1497,734673.2888975143
1498,430569.5144753456
1499,335676.5962076187
1500,478512.4698829651
1501,2124665.09032917
1502,903457.8583245277
1503,2587739.548555851
1504,805160.9060740471
1505,613517.8048167229
1506,475270.9554834366
1507,330953.85923719406
1508,474607.0443658829
1509,444921.02811574936
1510,504785.55556583405
1511,394719.80338287354
1512,498838.6288561821
1513,548829.3999037743
1514,400717.45349407196
1515,465094.3570575714
1516,1063485.6397776604
1517,265768.450630188
1518,320282.1947207451
1519,403714.38613939285
1520,536415.634411335
1521,222410.10729837418
1522,313913.38932466507
1523,634046.870484829
1524,758678.1584787369
1525,490593.12177467346
1526,196796.00701141357
1527,519450.01190805435
1528,723594.1865530014
1529,471343.0158319473
1530,569794.008784771
1531,483548.66193532944
1532,472756.2297062874
1533,536526.3926701546
1534,462636.00412368774
1535,536887.4807105064
1536,510452.48020267487
1537,638855.8853478432
1538,2093735.8915867805
1539,691691.2678570747
1540,503793.7931933403
1541,768404.7874078751
1542,715388.3093409538
1543,562767.3844771385
1544,364245.242149353
1545,366173.70067739487
1546,507697.74190950394
1547,265868.35246038437
1548,547595.9615345001
1549,363542.47239875793
1550,604544.3213028908
1551,261704.2433719635
1552,397225.7976527214
1553,499154.43233823776
1554,909486.2463226318
1555,578758.6646590233
1556,559674.9274535179
1557,328894.67481327057
1558,1009053.6696090698
1559,735815.2089915276
1560,861389.7124285698
1561,660850.8048214912
1562,347076.72991132736
1563,579491.9085350037
1564,463565.2545828819
1565,289639.54974889755
1566,314226.59802150726
1567,406579.69244241714
1568,322578.34127759933
1569,226782.2134232521
1570,810710.3038992882
1571,908393.962003231
1572,635062.7003059387
1573,404510.5566134453
1574,726869.1832823753
1575,288937.8765234947
1576,1149926.829073429
1577,519494.92455768585
1578,851014.4456214905
1579,368817.3295440674
1580,488829.76404190063
1581,132888.51633882523
1582,384375.433139801
1583,329958.52484083176
1584,394848.8426852226
1585,2088438.8164930344
1586,1189909.6868162155
1587,268726.3848581314
1588,362361.3074464798
1589,482436.23472070694
1590,234839.23291015625
1591,497821.1605129242
1592,1610222.8547196388
1593,335740.1374511719
1594,606449.7830352783
1595,381968.8432421684
1596,498681.10437202454
1597,583894.1903891563
1598,457035.9645457268
1599,258874.94666147232
1600,1346887.5067768097
1601,431298.96660375595
1602,1439483.3663754463
1603,514897.99165153503
1604,481229.4575433731
1605,393807.94831466675
1606,690922.1706762314
1607,533178.0030975342
1608,349662.26898908615
1609,623149.0724363327
1610,386368.25460004807
1611,415598.05985069275
1612,542984.6004981995
1613,322642.3437719345
1614,522166.47913742065
1615,320653.86192560196
1616,509395.0134482384
1617,605509.5249333382
1618,227126.51431512833
1619,172626.660050869
1620,660057.547896862
1621,730882.0980429649
1622,2035826.020055294
1623,214389.96301031113
1624,1984892.3747315407
1625,118018.96532821655
1626,514637.12251901627
1627,246238.2057981491
1628,546531.022377491
1629,568680.013739109
1630,407408.9822397232
1631,427698.7809410095
1632,433282.42202329636
1633,783553.830163002
1634,657923.3922352791
1635,513474.90518951416
1636,1050392.195628643
1637,326408.8006529808
1638,499868.4418797493
1639,460809.2629337311
1640,393045.29630470276
1641,441504.4087305069
1642,433542.1759519577
1643,198556.50387859344
1644,303116.6452693939
1645,315017.03030872345
1646,369096.3093957901
1647,387110.05353593826
1648,303764.1618847847
1649,124586.07483816147
1650,373514.5980849266
1651,868570.1241660118
1652,273912.18542671204
1653,594764.4989285469
1654,388891.83638858795
1655,529940.4332146645
1656,328134.2911758423
1657,404181.2376523018
1658,784179.2309875488
1659,492430.50498104095
1660,345095.9760913849
1661,513715.72516298294
1662,369168.94134378433
1663,393687.56244039536
1664,329878.7080745697
1665,1115650.0958108902
1666,392081.59051275253
1667,699281.3157968521
1668,494219.9977593422
1669,278595.1053776741
1670,357785.3721561432
1671,516884.2832622528
1672,463002.98967170715
1673,393243.0604867935
1674,652720.7166633606
1675,273260.7423462868
1676,497283.56163454056
1677,274558.517868042
1678,898689.5790572166
1679,608769.177863121
1680,457646.0375518799
1681,945387.0772767067
1682,438141.20547008514
1683,545355.5809526443
1684,779497.8764162064
1685,1343320.4584798813
1686,656691.9236493111
1687,435973.48714494705
1688,570580.0776815414
1689,625370.7200269699
1690,930799.1326823235
1691,230572.73198747635
1692,554408.2484102249
1693,276964.46721220016
1694,967735.9476599693
1695,357045.48027801514
1696,187940.507853508
1697,383662.1745624542
1698,344347.73005867004
1699,423577.9085922241
1700,458662.1426525116
1701,1298717.6306319237
1702,1420925.9289803505
1703,397491.89132738113
1704,350352.9899520874
1705,262212.9399719238
1706,297187.425409317
1707,260682.9700756073
1708,205923.95980119705
1709,389426.36303663254
1710,550386.9068722725
1711,754145.533621788
1712,77842.5148935318
1713,553503.3086981773
1714,420515.1198153496
1715,338270.94559812546
1716,437122.6906709671
1717,557182.2146606445
1718,570402.5017461777
1719,356642.851934433
1720,913334.6496396065
1721,514447.2178387642
1722,533387.2527856827
1723,498922.0969185829
1724,616317.2202467918
1725,693001.5942482948
1726,561976.4993209839
1727,3800000.1187381744
1728,212870.9906888008
1729,260624.1815533638
1730,392216.93535232544
1731,435887.93149518967
1732,564722.7610454559
1733,546467.8935976028
1734,638118.3626661301
1735,567794.471780777
1736,669319.4082713127
1737,808398.1221790314
1738,272648.0780339241
1739,894875.7712306976
1740,432604.4929571152
1741,691683.8251461983
1742,451705.599237442
1743,614860.9642467499
1744,354330.3017144203
1745,604274.6294555664
1746,379711.63015031815
1747,331462.78675985336
1748,295817.92598724365
1749,709954.0763325691
1750,299564.42316389084
1751,700350.1409673691
1752,507625.41519737244
1753,900628.8001408577
1754,438233.43968153
1755,424661.92706775665
1756,930178.2532877922
1757,419795.73467206955
1758,303455.84954452515
1759,739090.7020845413
1760,685588.5315990448
1761,279037.67962646484
1762,341772.6741056442
1763,1149614.043946743
1764,256257.5170454979
1765,1205018.1779789925
1766,514951.1903190613
1767,406525.45032453537
1768,449278.9633808136
1769,198582.47523641586
1770,256863.79226875305
1771,349556.83044576645
1772,336932.055290699
1773,686634.6945648193
1774,305717.819314003
1775,160956.2199959755
1776,402339.8524608612
1777,635751.2256698608
1778,1452631.6060409546
1779,322600.9525322914
1780,218701.02530956268
1781,469184.96001148224
1782,523823.14573287964
1783,492445.3624854088
1784,396560.46126937866
1785,169984.21240139008
1786,133561.77653884888
1787,378314.9256467819
1788,805155.6408147812
1789,449997.94935131073
1790,977909.7936577797
1791,509922.5464115143
1792,510265.53680992126
1793,805660.0656576157
1794,439641.03467845917
1795,642381.6180901527
1796,549177.5945653915
1797,262314.6171550751
1798,813822.9190502167
1799,309707.5894331932
1800,294790.4392876625
1801,815030.8950600624
1802,303108.7280611992
1803,556984.8828020096
1804,319712.51514959335
1805,456345.6984863281
1806,460715.0596728325
1807,864036.8880939484
1808,249490.1575603485
1809,673850.9683823586
1810,351892.5179424286
1811,611077.0091757774
1812,922158.1780776978
1813,456110.6372256279
1814,583590.1618514061
1815,381716.20472192764
1816,546511.2807621956
1817,455889.2020959854
1818,975994.7582764626
1819,508472.9476480484
1820,666317.7306728363
1821,259360.48314523697
1822,445586.0414624214
1823,401912.0506911278
1824,742304.1473555565
1825,243107.6741194725
1826,544894.7496972084
1827,748078.1499605179
1828,344462.92204093933
1829,667659.5825352669
1830,370762.8576145172
1831,319559.72033691406
1832,195534.31856155396
1833,733180.7929720879
1834,547401.8453497887
1835,394901.72253513336
1836,339859.5376191139
1837,586315.9748387337
1838,404231.60500240326
1839,323315.2439889908
1840,872326.1170501709
1841,321454.88168525696
1842,673915.0992870331
1843,1185213.5895428658
1844,324619.7280087471
1845,275883.18758535385
1846,238454.87043762207
1847,419623.81876659393
1848,252262.15297746658
1849,146973.5533542633
1850,497266.3261203766
1851,274471.4978547096
1852,678365.8376040459
1853,525720.8401389122
1854,302652.73299884796
1855,740161.738357544
1856,381064.31825351715
1857,464719.23159217834
1858,3580709.4166116714
1859,969383.0483255386
1860,429990.16681337357
1861,343545.2977280617
1862,550532.2110996246
1863,712186.1052508354
1864,520120.08450984955
1865,469366.20842027664
1866,459666.3829565048
1867,433194.72103357315
1868,586329.1530404091
1869,217492.33784151077
1870,605079.1320385933
1871,531136.3691301346
1872,449205.2154803276
1873,529599.022093296
1874,376701.74026298523
1875,412354.089369297
1876,640110.5703449249
1877,135755.3846359253
1878,456989.0394511223
1879,367434.5334210396
1880,430806.27821063995
1881,337441.01138067245
1882,812808.7677264214
1883,189295.66402196884
1884,59785.11694717407
1885,414960.62638759613
1886,534153.8363499641
1887,657250.0257253647
1888,790488.275416851
1889,514661.78769779205
1890,459778.9555006027
1891,735065.3615555763
1892,325727.0702776909
1893,447547.57832956314
1894,811947.556807518
1895,417006.18955755234
1896,419543.06684446335
1897,314703.575609684
1898,912071.001376152
1899,446986.61011362076
1900,964052.8662171364
1901,369456.2733616829
1902,398166.4439063072
1903,352112.87542772293
1904,1016495.5953598022
1905,285862.638938427
1906,826611.6929001808
1907,622438.6552042961
1908,442535.011841774
1909,551319.5257110596
1910,421336.16199445724
1911,834671.6012792587
1912,947635.6247444153
1913,922683.5733261108
1914,391948.7838602066
1915,737413.4971308708
1916,621425.2936096191
1917,417827.79944753647
1918,331930.2241654396
1919,412698.4691157341
1920,423543.96442747116
1921,320666.919444561
1922,530087.6198749542
1923,1051307.4018821716
1924,656349.8656301498
1925,2035628.652964592
1926,494674.4927453995
1927,300089.2423501015
1928,520458.985203743
1929,491694.05821609497
1930,705742.120136261
1931,157198.13838672638
1932,749155.615105629
1933,342208.4652366638
1934,237964.82440280914
1935,265878.3654990196
1936,1189375.5143179893
1937,207257.15611696243
1938,230944.47245025635
1939,440659.94187021255
1940,216826.05916833878
1941,1507481.7528657913
1942,152015.5031785965
1943,562425.1888518333
1944,332923.2264313698
1945,544604.3147110939
1946,2238598.3749156
1947,404382.33425331116
1948,262831.12707185745
1949,449456.9416503906
1950,497029.9733071327
1951,547507.352247715
1952,552394.9948077202
1953,632574.8017077446
1954,621016.8076477051
1955,554332.1237316132
1956,456669.26456451416
1957,231334.63758563995
1958,155099.25248527527
1959,238920.82691907883
1960,272236.1436595917
1961,440557.0725774765
1962,314854.6331477165
1963,704355.7488164902
1964,797294.4114022255
1965,1227214.2750148773
1966,504759.1282262802
1967,620459.0171470642
1968,923662.6720819473
1969,157366.30781555176
1970,942100.0031175613
1971,343754.7698788643
1972,1241409.0469851494
1973,424011.4768753052
1974,424125.95114326477
1975,402926.2305755615
1976,286508.6726989746
1977,404768.3676905632
1978,596390.9513626099
1979,572545.8869261742
1980,1036436.396335125
1981,432918.78784132004
1982,1808233.6163220406
1983,555905.3089318275
1984,534621.3609991074
1985,560786.0505824089
1986,1029464.3394002914
1987,366046.06784915924
1988,496453.30826711655
1989,287894.30184316635
1990,566089.2555308342
1991,844105.6906037331
1992,366003.4283442497
1993,367573.9076743126
1994,361870.49748420715
1995,173586.97352409363
1996,747240.6902804375
1997,317235.0966453552
1998,255401.44887971878
1999,508134.433467865
2000,371795.42669534683
2001,575872.8786344528
2002,574480.7068014145
2003,382833.299864769
2004,332512.2593445778
2005,654138.8370280266
2006,588681.0026879311
2007,843282.7096948624
2008,750017.2539558411
2009,298381.2221598625
2010,469043.7034392357
2011,335198.7090382576
2012,510626.9896187782
2013,346209.2744855881
2014,193716.22799921036
2015,511037.04558086395
2016,431305.32862758636
2017,325528.75295877457
2018,417775.0920948982
2019,320469.1318407059
2020,537593.7226548195
2021,452321.851834774
2022,302524.8748230934
2023,361950.49936151505
2024,177966.71032094955
2025,545323.6786036491
2026,351605.6583995819
2027,426473.79805374146
2028,156610.86704540253
2029,814766.7558217049
2030,745542.7552828789
2031,508474.7156949043
2032,585172.1093711853
2033,1736319.1749186516
2034,947873.7136883736
2035,936105.7401657104
2036,180881.61884212494
2037,819790.8533387184
2038,752537.5530753136
2039,254415.71599912643
2040,718801.1884169579
2041,468479.16096782684
2042,263453.7904419899
2043,412381.26041841507
2044,1645978.6216564178
2045,388039.52264881134
2046,406703.85305452347
2047,590790.9450268745
2048,675274.6673555374
2049,490473.381257534
2050,898113.5258765221
2051,638412.4177412987
2052,520540.0648326874
2053,497696.44733190536
2054,300191.7600941658
2055,698115.558151722
2056,144291.80052566528
2057,435695.5220680237
2058,485046.34914684296
2059,713928.584420681
2060,210791.83997535706
2061,2295692.3440856934
2062,520639.7975497246
2063,461287.5341114998
2064,406639.71075487137
2065,462948.4344468117
2066,561403.0653910637
2067,1732614.7902474403
2068,386154.2861714363
2069,457142.6004495621
2070,591123.3004002571
2071,403589.8502688408
2072,757580.2375349998
2073,427326.58046913147
2074,196253.0915184021
2075,893591.3796572685
2076,738517.732199192
2077,345246.86298418045
2078,433816.6796269417
2079,471523.1316165924
2080,156302.17459106445
2081,396682.69684410095
2082,294861.7825627327
2083,449771.09355020523
2084,416065.13084697723
2085,486448.8985571861
2086,529500.9455423355
2087,78978.99515485764
2088,390801.70094013214
2089,593184.3103895187
2090,326154.86058712006
2091,878592.7350358963
2092,473404.99327659607
2093,620384.7447772026
2094,97761.92949104309
2095,140157.10921144485
2096,473434.5210700035
2097,590065.4585766792
2098,402630.7931032181
2099,749738.7644505501
2100,546003.1715245247
2101,397354.57067632675
2102,252857.47937774658
2103,472283.08862018585
2104,516134.0564842224
2105,792294.8184428215
2106,494997.94685411453
2107,455427.2098302841
2108,544263.5540862083
2109,429938.9041619301
2110,160372.32085084915
2111,187849.12793254852
2112,898229.5380592346
2113,784174.689593792
2114,545935.2679767609
2115,364120.4425692558
2116,338987.8778066635
2117,626086.8946504593
2118,565957.8879756927
2119,278834.9613046646
2120,522898.75304317474
2121,294986.0765519142
2122,437206.34269857407
2123,323897.2960014343
2124,488714.04667186737
2125,604209.5598959923
2126,202615.67016601562
2127,319203.73935317993
2128,555654.2003378868
2129,752082.7689232826
2130,578176.611117363
2131,585132.8548836708
2132,377068.1314458847
2133,487501.9138045311
2134,266827.4129385948
2135,660520.4446358681
2136,391989.56784439087
2137,464060.0043683052
2138,83483.88727807999
2139,676638.9003992081
2140,547184.49142313
2141,571248.6699810028
2142,530493.4338335991
2143,1132199.127977848
2144,722382.6774778366
2145,446013.24114608765
2146,564616.0548863411
2147,348716.74151039124
2148,435416.02111816406
2149,604025.9145898819
2150,562945.1325063705
2151,483413.8660545349
2152,556790.5211586952
2153,668703.5863814354
2154,773202.6444005966
2155,521554.3702349663
2156,1292056.556631565
2157,373817.9393811226
2158,325933.4967598915
2159,547888.7917256355
2160,925537.5259256363
2161,331241.0712747574
2162,180543.06377649307
2163,390941.0764913559
2164,1149531.530295372
2165,586183.3364067078
2166,338726.48583078384
2167,369776.92526483536
2168,311600.31238651276
2169,403756.56300258636
2170,405572.5663290024
2171,940500.9908800125
2172,441449.10588884354
2173,608966.9419064522
2174,458252.13348197937
2175,573022.5853390694
2176,947614.6137266159
2177,625247.5517320633
2178,946711.3248987198
2179,567998.7579379082
2180,323778.4583454132
2181,1442405.0309743881
2182,225942.31255578995
2183,373049.4292707443
2184,554579.5784950256
2185,371453.30704021454
2186,295607.8394961357
2187,265084.7791285515
2188,295299.6098499298
2189,1110676.2170271873
2190,469779.1935405731
2191,272697.3540940285
2192,312166.7434210777
2193,542252.2366833687
2194,1159445.4193377495
2195,390498.13339471817
2196,310163.15911245346
2197,429810.94101285934
2198,264905.09799337387
2199,485890.67417383194
2200,582977.2489728928
2201,351329.8689684868
2202,850347.6930217743
2203,394680.14843034744
2204,353244.791741848
2205,326906.52943611145
2206,410980.696846962
2207,310263.20313310623
2208,313226.3111872673
2209,451376.3389415741
2210,350206.8449625969
2211,486002.95167016983
2212,509655.46476507187
2213,313792.79774808884
2214,568360.9038505554
2215,523421.9584097862
2216,564508.9897408485
2217,467624.30332517624
2218,1078959.0998353958
2219,554486.8708443642
2220,328394.05061244965
2221,432493.1877746582
2222,347809.8011660576
2223,641591.711025238
2224,292421.3194770813
2225,258844.95698785782
2226,482835.68086719513
2227,466222.2708411217
2228,505615.88092947006
2229,511817.7003016472
2230,411440.6690044403
2231,413368.24276161194
2232,222334.9540295601
2233,340163.2643504143
2234,214060.75437259674
2235,450000.93205595016
2236,868713.7285676003
2237,1274479.8718094826
2238,507132.20751047134
2239,2231164.178355694
2240,393383.8855576515
2241,1387995.3932871819
2242,279665.94813394547
2243,377568.224152565
2244,899607.2791547775
2245,531897.9857444763
2246,378546.42628860474
2247,762288.6127839088
2248,455915.4125761986
2249,332035.3930220604
2250,722191.8248333931
2251,269557.81576251984
2252,701680.6634068489
2253,424040.1060023308
2254,456718.1965508461
2255,289999.96505355835
2256,414248.5945291519
2257,965401.4750890732
2258,312334.69731998444
2259,502618.34874391556
2260,423101.8690829277
2261,236695.66865491867
2262,423910.8209037781
2263,440191.5008625984
2264,1119208.1351475716
2265,554438.3283238411
2266,706236.7125897408
2267,430747.92423295975
2268,963361.5731272697
2269,434577.12313842773
2270,660605.6774945259
2271,329776.2353773117
2272,1638227.4040927887
2273,352544.1249690056
2274,1243003.6332025528
2275,475993.17264175415
2276,403048.6841778755
2277,192898.77182340622
2278,587458.5186376572
2279,1021700.2216825485
2280,401278.28086709976
2281,515764.62712955475
2282,341135.2772502899
2283,531134.3705101013
2284,275021.2113428116
2285,624758.2800745964
2286,638438.1792254448
2287,373088.4053888321
2288,290357.9916539192
2289,769256.0633487701
2290,609839.1672854424
2291,297748.0040049553
2292,349788.50901937485
2293,819086.7625274658
2294,390507.9259505272
2295,342171.5710411072
2296,588181.1120429039
2297,717345.7403240204
2298,408158.93247270584
2299,323950.6544599533
2300,343662.9614210129
2301,479685.11035203934
2302,293553.5599822998
2303,298800.4709057808
2304,560569.1430330276
2305,408854.5590686798
2306,326609.3967308998
2307,121446.10305976868
2308,557878.429851532
2309,422674.3405137062
2310,1177976.9640874863
2311,309122.7277340889
2312,554970.9576435089
2313,328105.67546224594
2314,501949.2425327301
2315,581263.6281890869
2316,433797.6136779785
2317,900919.8846492767
2318,492760.3930001259
2319,476334.66037225723
2320,438484.6632361412
2321,510661.221180439
2322,648726.7633748055
2323,1358797.2235822678
2324,486249.92558813095
2325,395530.8359670639
2326,281189.7714972496
2327,431931.35201740265
2328,382726.3580722809
2329,905527.2361459732
2330,781539.7227168083
2331,233077.61563014984
2332,1077257.6051158905
2333,325166.4957051277
2334,771119.2599954605
2335,918465.7719221115
2336,964041.3699169159
2337,425359.6001534462
2338,410598.7479043007
2339,517400.936193943
2340,626958.4614748955
2341,354285.8109321594
2342,465038.394677639
2343,494790.4544029236
2344,284045.0792584419
2345,870252.6265788078
2346,593915.1016216278
2347,337711.61240434647
2348,730267.5059986115
2349,515362.2259311676
2350,321986.09165143967
2351,495865.6646142006
2352,525749.8577017784
2353,879478.0350375175
2354,423432.2368631363
2355,374954.65727615356
2356,519596.719022274
2357,947308.6430134773
2358,400867.43692064285
2359,1484466.2747101784
2360,322382.40580034256
2361,378235.2455458641
2362,388439.8209543228
2363,371080.149582386
2364,350764.88250494003
2365,396960.031709671
2366,361671.7898659706
2367,556765.4167170525
2368,750408.2835922241
2369,515861.91479206085
2370,402191.9356017113
2371,504757.90967178345
2372,385817.8734126091
2373,514195.914917469
2374,353393.15831279755
2375,347891.58052539825
2376,390027.221473217
2377,1023535.3513092995
2378,168283.07269239426
2379,482855.2130675316
2380,1101762.8003959656
2381,847721.0147762299
2382,765441.7239832878
2383,404463.10653066635
2384,330544.2158613205
2385,235965.0835814476
2386,326506.4790620804
2387,873636.5106539726
2388,418888.0592031479
2389,547679.7998285294
2390,253877.77051830292
2391,1975235.6323590279
2392,727511.1766757965
2393,421641.74772644043
2394,985335.9593811035
2395,894133.9962186813
2396,865870.6529140472
2397,469784.6581492424
2398,342444.9630870819
2399,365596.90682935715
2400,460859.3999700546
2401,202967.09355306625
2402,453482.42443561554
2403,531155.9151396751
2404,316724.81897592545
2405,165560.6945490837
2406,306330.0046329498
2407,359016.41748285294
2408,540953.9816651344
2409,588701.862300396
2410,450467.3593277931
2411,507998.1024236679
2412,342974.7142820358
2413,283800.01896476746
2414,715856.1150565147
2415,384417.2867703438
2416,587471.4851722717
2417,793993.9353780746
2418,1841158.2796254158
2419,676449.4646029472
2420,743051.0400953293
2421,490338.4265732765
2422,220137.4900302887
2423,412004.02004003525
2424,470946.6523718834
2425,441003.95039606094
2426,458573.1277079582
2427,444709.18152332306
2428,458276.6214284897
2429,546688.9897069931
2430,385600.8649711609
2431,620801.1297125816
2432,716325.6805224419
2433,330533.49373340607
2434,826238.6812210083
2435,968753.7584795952
2436,700091.6777486801
2437,341020.7215824127
2438,498375.0942783356
2439,1110108.097711563
2440,388730.7111644745
2441,821476.2344818115
2442,215249.32937812805
2443,582700.0052847862
2444,175924.7739057541
2445,520438.5836777687
2446,1758584.4783482552
2447,419495.07522153854
2448,277880.24245262146
2449,550710.9657392502
2450,562267.7957043648
2451,487377.19339609146
2452,284408.6532678604
2453,1001788.9930143356
2454,564909.0989236832
2455,332457.2648305893
2456,753974.6616592407
2457,497171.33442926407
2458,709732.1591238976
2459,333430.44906520844
2460,379094.968102932
2461,898578.3636689186
2462,581876.7875537872
2463,819696.5330452919
2464,290411.35932064056
2465,546707.9324507713
2466,363720.4768137932
2467,373353.6130414009
2468,1902559.700369835
2469,1012791.0336790085
2470,259086.8623943329
2471,504188.5340003967
2472,335273.0980935097
2473,635728.7945070267
2474,1554877.158542633
2475,312155.97614240646
2476,549331.8382196426
2477,707037.8592576981
2478,271349.41977882385
2479,343412.93853998184
2480,684740.400393486
2481,607120.9702830315
2482,523001.3517165184
2483,390780.54754686356
2484,291582.98584604263
2485,668085.2789988518
2486,392268.0958738327
2487,2513733.898173809
2488,437584.1783423424
2489,685230.0669746399
2490,583395.0933771133
2491,625874.1550354958
2492,460250.3685455322
2493,494889.8131713867
2494,557878.2499475479
2495,345278.64020872116
2496,309509.3118505478
2497,442709.97295188904
2498,229140.27335309982
2499,540211.9883594513
2500,1032166.5008301735
2501,590815.9108200073
2502,444683.9589481354
2503,889790.5693449974
2504,471074.9373893738
2505,375389.04552078247
2506,441705.49711704254
2507,262575.370593071
2508,370646.4804878235
2509,504978.04807138443
2510,407467.4041724205
2511,396801.04159784317
2512,614517.3140983582
2513,778997.8648004532
2514,352196.15402936935
2515,510291.2007417679
2516,601201.877913475
2517,404591.1975865364
2518,456159.74943876266
2519,811876.6833572388
2520,657488.8422985077
2521,909005.6165237427
2522,337583.2398710251
2523,277759.9956264496
2524,1410506.3367033005
2525,335277.0890073776
2526,795389.5734424591
2527,391242.6354961395
2528,387388.4411096573
2529,904377.596953392
2530,327549.0776734352
2531,421233.756998539
2532,440694.2183074951
2533,2221248.3586292267
2534,649574.9971747398
2535,1143221.647432804
2536,386762.2470149994
2537,508278.6711359024
2538,623139.809410572
2539,579018.5636506081
2540,529611.7007489204
2541,838226.0069789886
2542,613402.012691021
2543,792876.7874875069
2544,366183.5254507065
2545,659668.9339494705
2546,309780.0633201599
2547,1055910.5645503998
2548,455479.6050109863
2549,596054.8271026611
2550,306041.1333899498
2551,275160.72851991653
2552,326432.4576892853
2553,420141.9735045433
2554,687411.4474458694
2555,470837.59553432465
2556,471823.29043865204
2557,588770.0514707565
2558,1267448.5819430351
2559,647826.1429858208
2560,687634.567240715
2561,530438.8865785599
2562,431260.91245412827
2563,462088.16506814957
2564,376877.50815343857
2565,505524.7591762543
2566,1045706.4117650986
2567,501611.88272714615
2568,2278437.5494647026
2569,901779.8816261292
2570,356484.20870161057
2571,241589.99331474304
2572,473007.41545438766
2573,630288.6818161011
2574,375839.1038827896
2575,782888.7514061928
2576,458967.40602493286
2577,358669.6586546898
2578,901912.0830731392
2579,526102.6207947731
2580,547699.8239150047
2581,562485.3318424225
2582,449138.3710374832
2583,344761.2339119911
2584,384189.3940515518
2585,471855.27045059204
2586,1242818.738102913
2587,498817.4288187027
2588,457206.85321712494
2589,1152265.0516061783
2590,247020.0518321991
2591,841833.1517925262
2592,489716.13338136673
2593,475798.80496263504
2594,277989.7302503586
2595,309917.7760877609
2596,865071.6567764282
2597,736216.3543214798
2598,579505.3491973877
2599,498820.4733219147
2600,531861.5556855202
2601,172524.38011598587
2602,362823.91944885254
2603,314991.5870499611
2604,332721.87606334686
2605,1356240.7016706467
2606,811684.0457324982
2607,526141.8701677322
2608,468923.0802178383
2609,511273.04728507996
2610,309610.00615882874
2611,488907.1555137634
2612,513584.928879261
2613,621503.0642924309
2614,599649.9594883919
2615,506389.9270129204
2616,511556.42760276794
2617,798366.4478859901
2618,807891.1601381302
2619,510984.54409217834
2620,413785.13089323044
2621,562983.5502667427
2622,746271.1593027115
2623,510199.0892214775
2624,393675.4528398514
2625,432597.74561977386
2626,628759.0154209137
2627,598377.1268358231
2628,411515.84726810455
2629,390633.51716661453
2630,295798.4621767998
2631,440504.4704885483
2632,443675.64063358307
2633,441349.4013495445
2634,406944.1415143013
2635,364487.5810585022
2636,352777.14411497116
2637,312973.4064450264
2638,1964265.5985460281
2639,439280.6770577431
2640,529465.4352345467
2641,394752.5325818062
2642,664661.8636236191
2643,347064.61548376083
2644,278573.17025852203
2645,446475.9420776367
2646,458618.26842832565
2647,651764.6724290848
2648,330878.66446876526
2649,340619.5954861641
2650,550639.1824650764
2651,382192.13322401047
2652,470223.99089336395
2653,435847.4330844879
2654,453631.0487213135
2655,718200.1322655678
2656,752382.9570250511
2657,551533.9341058731
2658,765395.271823883
2659,367433.3735523224
2660,778473.2755064964
2661,348811.95039367676
2662,460253.5183734894
2663,243110.15656137466
2664,729940.2980537415
2665,578223.7631721497
2666,1797931.5639715195
2667,586857.7530493736
2668,835677.3160452843
2669,603931.875131607
2670,360776.7250671387
2671,1788080.1596932411
2672,416568.67264556885
2673,727157.0452570915
2674,668170.6592149734
2675,325588.62920475006
2676,281570.36115932465
2677,688987.6204190254
2678,772142.5677990913
2679,772331.0020427704
2680,521839.388109684
2681,766906.2157039642
2682,430995.9612188339
2683,1331188.6564383507
2684,455761.93208026886
2685,309741.59932899475
2686,444208.55528879166
2687,1032903.3065319061
2688,475724.9600763321
2689,380976.40601730347
2690,608155.3556294441
2691,856681.3575115204
2692,435421.83102989197
2693,416164.99121665955
2694,1811010.0493674278
2695,365638.82733774185
2696,784585.6807923317
2697,1289233.8324913979
2698,798856.0504684448
2699,703260.0800714493
2700,577278.1969089508
2701,361069.20004701614
2702,488785.50399303436
2703,356787.14025211334
2704,232744.49775409698
2705,391714.86494493484
2706,434321.0894603729
2707,154695.92118644714
2708,314414.47971868515
2709,658258.0968718529
2710,468736.8331990242
2711,462149.49300050735
2712,368146.56571674347
2713,483411.90829753876
2714,670891.5766539574
2715,1528523.739557743
2716,532570.1048369408
2717,682962.2544651031
2718,510937.1453552246
2719,499267.61153411865
2720,1680330.010708809
2721,352759.3620643616
2722,486372.8572859764
2723,327468.49705410004
2724,480011.38304805756
2725,359958.354763031
2726,625077.3358812332
2727,296563.1369113922
2728,407975.4672522545
2729,876680.2490372658
2730,665425.9245686531
2731,422767.62341308594
2732,412032.5534710884
2733,204620.67868471146
2734,509251.26449489594
2735,1087662.1250157356
2736,388044.71664762497
2737,506423.9730257988
2738,941987.8279333115
2739,379188.5572695732
2740,340233.05140066147
2741,515316.9040722847
2742,653110.3715705872
2743,601577.4123687744
2744,413729.8078970909
2745,461494.16572523117
2746,401498.17578125
2747,672954.07756567
2748,336690.9843978882
2749,912627.9027152061
2750,535721.3629088402
2751,491675.12335014343
2752,851563.7712254524
2753,508041.61226940155
2754,351346.331571579
2755,211133.49080324173
2756,503462.6590604782
2757,683498.9178147316
2758,749042.6820559502
2759,793111.7524404526
2760,319863.05691099167
2761,178059.52859830856
2762,374610.42488098145
2763,462400.74650096893
2764,462400.74650096893
2765,274490.6404132843
2766,446244.4151072502
2767,418544.02131414413
2768,306784.44070100784
2769,506491.6184692383
2770,402738.86409807205
2771,499927.95257282257
2772,430613.5733470917
2773,399330.82999277115
2774,503383.59200525284
2775,443906.9618740082
2776,614962.7364230156
2777,824112.9948410988
2778,489253.7469358444
2779,1274206.746377945
2780,494680.7966799736
2781,563062.1515512466
2782,1616516.2605538368
2783,475646.73742866516
2784,635555.5809111595
2785,398911.17628622055
2786,227494.27324724197
2787,733583.6038765907
2788,446396.69007635117
2789,471668.70665740967
2790,808812.2518663406
2791,468795.70443820953
2792,487457.05862522125
2793,524896.5289607048
2794,895958.0564360619
2795,1032120.9552345276
2796,618249.4407091141
2797,910152.8900341988
2798,470840.33901786804
2799,446558.7110724449
2800,618052.8260922432
2801,366901.59440517426
2802,1942307.0708813667
2803,374383.37499427795
2804,821506.7035770416
2805,330712.91829156876
2806,2073124.238465786
2807,482016.4356241226
2808,853184.4332103729
2809,353300.76241874695
2810,350125.80358695984
2811,605126.6385374069
2812,544847.0397324562
2813,425147.2233762741
2814,469009.166200161
2815,487098.7481865883
2816,521236.7762579918
2817,310441.7605576515
2818,792845.1284198761
2819,413744.27163362503
2820,420188.12089061737
2821,402332.00935459137
2822,431371.7195363045
2823,372172.7397055626
2824,631580.099445343
2825,733104.5705084801
2826,444545.7566251755
2827,419948.39223766327
2828,341972.14898204803
2829,474139.52457904816
2830,522765.13794898987
2831,734845.1020092964
2832,494952.0611629486
2833,387918.9023838043
2834,430972.0121617317
2835,1013392.2155184746
2836,805906.637722969
2837,454209.9913754463
2838,507677.3240675926
2839,578019.7948584557
2840,389178.85092163086
2841,768956.193739891
2842,447666.3171596527
2843,390433.98816871643
2844,465975.21555805206
2845,253603.34885263443
2846,1168132.004559517
2847,606998.8729891777
2848,547617.473236084
2849,355066.47557497025
2850,626792.6081380844
2851,744325.1588068008
2852,597469.1251630783
2853,994140.6332654953
2854,1063564.0504159927
2855,239746.44572162628
2856,410916.1424679756
2857,372898.8770093918
2858,859588.1204342842
2859,463171.7190594673
2860,414359.8387846947
2861,285909.0359778404
2862,1407125.6732316017
2863,330573.5009841919
2864,1805776.6242351532
2865,388598.1485276222
2866,481936.76992082596
2867,784466.8804593086
2868,322130.0978240967
2869,367930.12602329254
2870,275387.23747015
2871,945473.2081017494
2872,344975.9057650566
2873,323452.70012807846
2874,404724.3124065399
2875,870687.7365002632
2876,879269.7166085243
2877,500637.2243747711
2878,1836370.835715294
2879,490252.8260321617
2880,684505.8433351517
2881,555458.3200535774
2882,658991.2290415764
2883,469184.6617794037
2884,866468.5597949028
2885,443157.2236814499
2886,530008.2183127403
2887,244626.63811016083
2888,748887.8841953278
2889,645302.0204234123
2890,619831.1645474434
2891,649627.9567036629
2892,429935.9252142906
2893,318947.89187955856
2894,1191583.8987679482
2895,376193.29254579544
2896,490622.4270300865
2897,447346.5059905052
2898,505219.91403865814
2899,890174.0649094582
2900,391991.3018980026
2901,635865.3803539276
2902,466869.72576236725
2903,744904.8809480667
2904,332470.4613480568
2905,740847.9453244209
2906,784617.1755814552
2907,1007773.6482787132
2908,816350.6848363876
2909,388241.61978530884
2910,665437.5253133774
2911,553173.4495749474
2912,660530.3590636253
2913,711143.0650577545
2914,752699.6481361389
2915,781629.8563494682
2916,614412.5845131874
2917,380892.3320865631
2918,423841.54714107513
2919,480445.23371219635
2920,758046.2261681557
2921,354262.8006629944
2922,198353.75570440292
2923,445414.8027791977
2924,644146.4244532585
2925,493958.0552353859
2926,836621.4513707161
2927,402491.0889105797
2928,522083.17477083206
2929,442390.9572405815
2930,283939.2022871971
2931,457001.29140758514
2932,489427.72467136383
2933,584609.3542203903
2934,1519586.2082386017
2935,949100.4304475784
2936,496323.51381349564
2937,432244.00494623184
2938,502572.89858198166
2939,598444.4536867142
2940,501508.3837981224
2941,471074.9373893738
2942,604587.2616419792
2943,2532814.6826343536
2944,567132.9492969513
2945,560982.5319466591
2946,643944.1667265892
2947,667395.7806706429
2948,721416.0160403252
2949,794781.9264879227
2950,361060.91147613525
2951,599449.8971805573
2952,303300.15759420395
2953,277024.5708422661
2954,1416000.9788041115
2955,741478.7254929543
2956,451428.0497946739
2957,1542175.825138092
2958,654329.5621542931
2959,410617.36228752136
2960,782362.8389334679
2961,842208.7203302383
2962,737073.3442835808
2963,496792.0920791626
2964,431630.33404922485
2965,513055.9113111496
2966,361814.0480852127
2967,1032872.854847908
2968,556833.7068266869
2969,347803.65021181107
2970,408780.077650547
2971,630294.5247573853
2972,685557.0444903374
2973,609286.1422133446
2974,657399.591796875
2975,522625.9218993187
2976,420832.7670111656
2977,1154919.3315558434
2978,463076.7401137352
2979,331314.56283712387
2980,598907.3512144089
2981,336793.5026011467
2982,482368.39845752716
2983,333586.09501743317
2984,304574.4437432289
2985,1030242.36855793
2986,329562.1141448021
2987,414809.30157995224
2988,780215.0812120438
2989,359763.39884757996
2990,801755.9893736839
2991,542747.1687660217
2992,193385.31206417084
2993,421458.04438734055
2994,255410.57147598267
2995,494764.3902230263
2996,326698.58904218674
2997,293355.33336257935
2998,428699.28609371185
2999,359717.9410328865
3000,947407.1277461052
3001,266041.27015542984
3002,483688.2413854599
3003,314076.64848041534
3004,240625.90119981766
3005,2626385.0094776154
3006,1137770.2010660172
3007,319563.2891430855
3008,307527.239317894
3009,435159.4928455353
3010,408759.4240589142
3011,481733.0516324043
3012,616966.1560473442
3013,555044.5876889229
3014,344425.9034204483
3015,731923.2831754684
3016,626290.5347161293
3017,558040.7039141655
3018,443572.50510168076
3019,785551.5832076073
3020,465471.9106860161
3021,453376.7694392204
3022,444017.86460494995
3023,365083.9918317795
3024,142028.90235805511
3025,447164.5274629593
3026,604677.8215794563
3027,616727.6911492348
3028,537202.3971533775
3029,337583.2398710251
3030,422966.49142074585
3031,207263.42733335495
3032,1150008.690044403
3033,536241.2487106323
3034,305605.89333868027
3035,2302460.722208023
3036,1599302.0578436852
3037,503143.25757169724
3038,425331.19231414795
3039,473650.28451633453
3040,298604.8901948929
3041,465653.1053595543
3042,486572.55930805206
3043,226349.76279830933
3044,421681.10561800003
3045,384846.6611504555
3046,310408.90040779114
3047,469498.5075573921
3048,331544.60878658295
3049,338624.3723540306
3050,1415487.5724401474
3051,800014.1002316475
3052,1100112.9510507584
3053,747236.4868240356
3054,850553.716126442
3055,1012582.1683344841
3056,400428.66927814484
3057,293898.6371650696
3058,269828.0504169464
3059,681851.5334382057
3060,673199.9296560287
3061,419350.7881526947
3062,291665.77794361115
3063,315814.78466796875
3064,377518.1099677086
3065,749379.8102631569
3066,319635.0434617996
3067,744462.1598906517
3068,554677.5572376251
3069,188931.2441420555
3070,378884.0299568176
3071,507542.02195215225
3072,467466.28078842163
3073,663216.063709259
3074,413178.82046222687
3075,231568.1280412674
3076,545479.8293280602
3077,431697.82999897003
3078,623719.6026973724
3079,1261954.2848792076
3080,875356.127861023
3081,718138.3017354012
3082,275387.23747015
3083,666445.5827960968
3084,433695.8464746475
3085,592100.7435455322
3086,669009.1669254303
3087,576583.0094418526
3088,820839.940946579
3089,499782.80356788635
3090,458046.1692276001
3091,1061413.9237265587
3092,521894.4090242386
3093,423548.80290555954
3094,327263.6350669861
3095,272567.7668085098
3096,238362.1190519333
3097,607120.9702830315
3098,335290.7439432144
3099,391025.080780983
3100,185939.9644203186
3101,843208.3687748909
3102,695585.5299754143
3103,207024.44909095764
3104,477663.37886953354
3105,301105.1720571518
3106,873695.1904230118
3107,502530.50970077515
3108,660491.4871740341
3109,490046.930747509
3110,269422.01485061646
3111,418213.6332306862
3112,534694.2715144157
3113,299392.24615097046
3114,718485.67937994
3115,496604.16070604324
3116,364254.1917543411
3117,945066.24132967
3118,453884.3545322418
3119,392976.42097711563
3120,276776.5150856972
3121,564000.7947773933
3122,545877.1656446457
3123,443586.85223436356
3124,804563.7520895004
3125,475092.9987502098
3126,213313.00402021408
3127,602090.2805438042
3128,812843.9085969925
3129,646215.7106461525
3130,477146.24445676804
3131,817244.0389595032
3132,1231058.49877882
3133,289555.01303195953
3134,463814.30704689026
3135,1111030.9695138931
3136,764817.2979841232
3137,379234.1952638626
3138,746637.7383356094
3139,553651.0005702972
3140,822445.3227310181
3141,337622.3549404144
3142,419575.6159901619
3143,476234.71666431427
3144,1168411.8436441422
3145,470218.27841854095
3146,589402.1690273285
3147,482767.5089068413
3148,591601.0342950821
3149,599008.7924246788
3150,377398.4202923775
3151,3865592.3798127174
3152,421914.4594731331
3153,455110.6529870033
3154,601356.963537693
3155,492815.1747803688
3156,408420.81599473953
3157,401677.09800195694
3158,472137.1493368149
3159,325552.50140953064
3160,588716.4443688393
3161,672681.5276875496
3162,1655464.5945558548
3163,626247.7301535606
3164,538276.9407191277
3165,686422.4359035492
3166,380435.03503131866
3167,750352.4709382057
3168,1144503.5655932426
3169,407590.66893577576
3170,2472292.890984535
3171,542744.1835436821
3172,350136.0824894905
3173,459310.25704336166
3174,368458.0209875107
3175,690551.109436512
3176,731790.5006632805
3177,667236.7622075081
3178,905061.1116666794
3179,480377.8214521408
3180,326582.13668870926
3181,1696828.0436353683
3182,520140.14685726166
3183,537647.1938371658
3184,476127.44784784317
3185,375182.8539733887
3186,473795.2162127495
3187,449799.1666998863
3188,447630.90637254715
3189,271642.59300756454
3190,450054.3607702255
3191,396330.0289516449
3192,426723.5924015045
3193,533409.6841711998
3194,723321.3763427734
3195,466362.07640886307
3196,579387.6567649841
3197,715443.7073092461
3198,1079909.0931892395
3199,892756.0780143738
3200,364848.4307537079
3201,609439.999912262
3202,602495.0078787804
3203,862189.5873589516
3204,403544.33317518234
3205,386777.4508728981
3206,662379.9079947472
3207,514852.20632457733
3208,466397.2383351326
3209,803624.6255307198
3210,1578856.4211277962
3211,796424.4319314957
3212,578789.6555538177
3213,326816.21115350723
3214,283515.6329960823
3215,511168.79840135574
3216,323364.23019742966
3217,185608.79093933105
3218,416033.41532325745
3219,501919.94197416306
3220,492179.3752336502
3221,491335.3272538185
3222,279908.01258325577
3223,441686.11117887497
3224,400674.6452674866
3225,723092.7622094154
3226,438907.95295381546
3227,375602.95196437836
3228,1123398.7391700745
3229,414185.1042032242
3230,929825.2655529976
3231,427967.36537981033
3232,600402.4295430183
3233,435006.87623786926
3234,593915.1016216278
3235,474451.49919605255
3236,451797.18648672104
3237,2184508.334789753
3238,384404.7605443001
3239,492986.87826251984
3240,817332.083129406
3241,669048.3521547318
3242,395989.68759965897
3243,222394.00700092316
3244,1215779.5293512344
3245,1686743.0878920555
3246,358435.8239722252
3247,231481.62815713882
3248,354474.216275692
3249,316859.6191124916
3250,432038.36630249023
3251,440504.4704885483
3252,733334.1721749306
3253,434322.87777376175
3254,447564.0496573448
3255,435314.8137512207
3256,461130.3241658211
3257,423981.5254268646
3258,499009.5374350548
3259,614210.5008625984
3260,338877.6251349449
3261,438968.31796073914
3262,206920.27069711685
3263,363545.52972745895
3264,474457.830221653
3265,371505.83165359497
3266,438831.58169174194
3267,361436.86202669144
3268,601884.357632637
3269,380482.64545202255
3270,834004.0067987442
3271,432043.7547302246
3272,356741.1382484436
3273,1431712.586912632
3274,463969.05808496475
3275,515281.6802587509
3276,454672.21378803253
3277,551115.2917013168
3278,429120.25861120224
3279,1079944.5818071365
3280,419094.0677046776
3281,383841.9025158882
3282,480099.9099345207
3283,330074.9388766289
3284,331672.50759267807
3285,402875.0706038475
3286,574115.1170649529
3287,819828.3614792824
3288,1385887.8066887856
3289,203005.26971960068
3290,353276.52652835846
3291,328810.51946496964
3292,366957.64530420303
3293,802820.4810857773
3294,439366.40277671814
3295,601674.6129541397
3296,462229.9872288704
3297,1037685.2721376419
3298,324441.4457345009
3299,408825.6313095093
3300,632821.7335395813
3301,226562.40181446075
3302,838902.6920156479
3303,987551.32380867
3304,482270.24023866653
3305,462505.6249523163
3306,656060.616792202
3307,433449.05357551575
3308,367654.08314847946
3309,473930.68939495087
3310,457870.01768541336
3311,488951.80593681335
3312,579142.1365275383
3313,310927.3296146393
3314,432989.6930885315
3315,313301.1200866699
3316,319963.80998802185
3317,903149.7529602051
3318,742513.3253946304
3319,901556.8712134361
3320,371064.16952991486
3321,538458.4996571541
3322,304172.18299150467
3323,304172.18299150467
3324,395572.2302236557
3325,415748.1065196991
3326,333325.2315559387
3327,245483.38739967346
3328,411780.81417274475
3329,871274.8117556572
3330,850801.0328879356
3331,455110.6529870033
3332,556606.1729359627
3333,1601572.2766394615
3334,503124.8296942711
3335,882610.8477630615
3336,442531.1355371475
3337,452281.1007947922
3338,447001.2950267792
3339,443543.9614472389
3340,207791.39518737793
3341,462559.49821805954
3342,568839.9162130356
3343,541387.4408144951
3344,413011.0967721939
3345,773875.4663228989
3346,372347.95648765564
3347,367641.57508945465
3348,213025.5632338524
3349,561126.4290847778
3350,817485.9990115166
3351,379626.59481287
3352,454985.3210453987
3353,688952.65918684
3354,419948.39223766327
3355,735965.5971856117
3356,543232.720746994
3357,454719.01922655106
3358,426903.88434123993
3359,422283.3238301277
3360,496619.1415195465
3361,875019.061021328
3362,545656.1122131348
3363,372735.40179491043
3364,476735.0689277649
3365,769644.7213330269
3366,823089.0732727051
3367,455479.6050109863
3368,692565.313033104
3369,389474.8828215599
3370,362241.8673739433
3371,857115.8348789215
3372,573320.843755722
3373,252354.30661344528
3374,1937463.1661229134
3375,377300.29072761536
3376,778639.1445279121
3377,431923.89300489426
3378,417098.3308353424
3379,493375.1031727791
3380,506173.15609931946
3381,360923.7200036049
3382,422686.9121208191
3383,430664.2187809944
3384,1057736.691251278
3385,564323.5481410027
3386,811985.3011837006
3387,181483.23542785645
3388,431630.33404922485
3389,718286.2514657974
3390,212753.47538614273
3391,811631.5294475555
3392,803118.3718724251
3393,469008.0509185791
3394,501980.46217632294
3395,1022685.2915434837
3396,82397.17395973206
3397,392470.1882147789
3398,446893.88501119614
3399,244596.40979337692
3400,403946.8088898659
3401,385594.78570365906
3402,492106.1435275078
3403,474364.66278123856
3404,713838.2242460251
3405,822340.6516036987
3406,503967.95202732086
3407,411796.1466860771
3408,595731.6172204018
3409,178077.68534135818
3410,501814.39509916306
3411,368390.71144771576
3412,315458.96937942505
3413,1421110.909175396
3414,574961.1477980614
3415,423471.89647197723
3416,282356.0690860748
3417,438505.85161828995
3418,356374.10457897186
3419,393785.5114684105
3420,387640.5377163887
3421,504200.0956912041
3422,570260.7949647903
3423,523959.982026577
3424,326857.7276945114
3425,456421.77646160126
3426,429999.4681825638
3427,377041.7258901596
3428,435336.47218227386
3429,556846.937666893
3430,364419.68729496
3431,615627.8724546432
3432,859793.2745146751
3433,457830.6475162506
3434,505009.90089559555
3435,442583.3178024292
3436,747842.1386208534
3437,375769.76504564285
3438,333545.9061756134
3439,1007672.4554462433
3440,637613.6804299355
3441,340133.1396856308
3442,685189.983083725
3443,757819.4400463104
3444,435807.9822397232
3445,344750.2950062752
3446,248235.49002552032
3447,512866.7839241028
3448,1104763.543934822
3449,516592.3418970108
3450,418899.7370066643
3451,308586.8965873718
3452,420933.9438071251
3453,327772.1867337227
3454,406761.61484336853
3455,666638.0095281601
3456,414931.7966513634
3457,392708.09965515137
3458,546840.7083368301
3459,364413.2222366333
3460,338548.1735816002
3461,992544.7574858665
3462,242467.75730466843
3463,598662.3230166435
3464,653504.0983409882
3465,655248.7292923927
3466,344043.65482997894
3467,353072.9922194481
3468,353592.96196365356
3469,145805.63635778427
3470,848566.285554409
3471,720098.0459036827
3472,970387.5286545753
3473,609427.1114811897
3474,331151.85780382156
3475,879392.6170578003
3476,543729.6877164841
3477,2603408.0122408867
3478,183120.71689653397
3479,793535.8972492218
3480,619459.0569252968
3481,471377.24925136566
3482,495528.81916332245
3483,417003.8686847687
3484,483577.89300251007
3485,691583.4399428368
3486,655101.6572809219
3487,222924.45568037033
3488,626911.779528141
3489,412774.14081811905
3490,415124.16457653046
3491,301544.0119047165
3492,746723.6397705078
3493,596345.7089309692
3494,562590.3210811615
3495,504686.4847073555
3496,471294.9479856491
3497,520158.27651309967
3498,574042.3267445564
3499,543922.7242298126
3500,305242.12276649475
3501,705704.7331843376
3502,474930.1625857353
3503,483171.7193570137
3504,624314.8442850113
3505,360060.19272851944
3506,275121.28666973114
3507,385609.36122226715
3508,631851.3751916885
3509,464273.09610557556
3510,504762.8834142685
3511,587234.0012397766
3512,377046.2988266945
3513,569947.2401585579
3514,405881.6051893234
3515,399555.7581167221
3516,414862.96637773514
3517,302873.48589992523
3518,284042.5830001831
3519,952813.311091423
3520,320137.9377403259
3521,416083.6058783531
3522,371591.50389814377
3523,1460544.5187058449
3524,305930.65655231476
3525,547949.6367073059
3526,835062.7709755898
3527,453514.6576681137
3528,983786.0317001343
3529,337083.2339062691
3530,439871.0328874588
3531,641795.4864001274
3532,684142.6288919449
3533,1099941.0715723038
3534,1519204.0873670578
3535,377518.1099677086
3536,745227.3066649437
3537,365928.8571448326
3538,1170900.0675930977
3539,613605.2174015045
3540,1430804.0304088593
3541,470837.59553432465
3542,475520.6256456375
3543,231033.43327379227
3544,402924.183965683
3545,479102.0120959282
3546,408359.9088573456
3547,739571.5782909393
3548,1350759.2899742126
3549,343502.7618756294
3550,663019.9858107567
3551,1193701.2377562523
3552,421583.0060067177
3553,914756.2833151817
3554,587952.0880613327
3555,452993.9759302139
3556,455783.9784283638
3557,574902.2652206421
3558,297836.48347091675
3559,251159.9109749794
3560,462868.9510512352
3561,340447.644490242
3562,944565.0409474373
3563,279148.1964683533
3564,682461.1760835648
3565,407072.1647133827
3566,451947.11382102966
3567,562442.758099556
3568,378615.9968724251
3569,447250.74610233307
3570,364516.06951475143
3571,576043.3603820801
3572,429061.0817465782
3573,507926.20770168304
3574,1034965.9469766617
3575,846669.6392769814
3576,907439.536523819
3577,317637.1943178177
3578,515154.13301610947
3579,532413.4452881813
3580,396735.1968841553
3581,750374.2811145782
3582,875244.1736416817
3583,278539.0702443123
3584,790013.9578771591
3585,535781.1446809769
3586,296419.3186378479
3587,555162.9897789955
3588,189853.4014339447
3589,411521.85636234283
3590,514351.2439684868
3591,708105.4641165733
3592,827270.65026474
3593,458975.03819179535
3594,227134.7364873886
3595,553274.8019571304
3596,385947.0680909157
3597,411851.2990064621
3598,434914.68289375305
3599,448433.8840532303
3600,541502.4776611328
3601,462569.15666103363
3602,722280.6476984024
3603,480663.48467874527
3604,778964.3296227455
3605,799539.0916852951
3606,216827.18966531754
3607,1964500.2288732529
3608,804691.049062252
3609,356533.4056825638
3610,455730.6886138916
3611,528804.7291555405
3612,844451.7491941452
3613,350297.9547815323
3614,553193.7895441055
3615,531711.3978252411
3616,145228.6932272911
3617,298607.5000925064
3618,359924.2388648987
3619,695894.9843978882
3620,322522.1890234947
3621,491037.6022286415
3622,334856.60224056244
3623,377129.1375412941
3624,465972.2367258072
3625,252882.1786699295
3626,400604.7469625473
3627,452948.0677661896
3628,405988.11209106445
3629,321700.6216506958
3630,1183088.7901535034
3631,1175422.0989871025
3632,427967.36537981033
3633,1177398.9276986122
3634,397519.9106659889
3635,139824.19849777222
3636,486733.3515686989
3637,676718.7251968384
3638,302041.68495464325
3639,529191.4453558922
3640,459610.24892902374
3641,353640.8350148201
3642,221965.7240333557
3643,946635.6097431183
3644,990767.7622179985
3645,509251.26449489594
3646,350654.6192269325
3647,473184.25677394867
3648,393876.4199604988
3649,894061.5352129936
3650,916717.6251893044
3651,466989.1564846039
3652,438878.8083367348
3653,353031.96870470047
3654,926230.3812971115
3655,727298.5006198883
3656,187069.85206842422
3657,423210.7888894081
3658,578906.9650740623
3659,526456.8880252838
3660,488575.18109989166
3661,646914.2570166588
3662,496098.04430770874
3663,428615.0332303047
3664,496760.9564085007
3665,388995.12652540207
3666,746339.786482811
3667,400689.6504149437
3668,316194.1342244148
3669,350800.65670871735
3670,459923.20486068726
3671,419508.9395737648
3672,103545.067548275
3673,414145.1500492096
3674,528882.4908208847
3675,346128.52780628204
3676,991508.6491217613
3677,731267.0155367851
3678,359803.8079314232
3679,246393.16233444214
3680,470310.3165488243
3681,565674.5226736069
3682,371156.4832191467
3683,1563499.6315507889
3684,503504.6440563202
3685,767929.1805639267
3686,530914.1406269073
3687,345400.4890975952
3688,339132.4631214142
3689,348131.0816411972
3690,455570.72694063187
3691,937296.1887483597
3692,974927.3240094185
3693,188450.86945819855
3694,279047.2712483406
3695,326395.54823207855
3696,413744.27163362503
3697,596795.3078203201
3698,765647.4248175621
3699,578227.1640405655
3700,438897.29827308655
3701,843934.1208310127
3702,501930.0389485359
3703,607078.0386452675
3704,599394.523982048
3705,371187.67347717285
3706,1168720.4288845062
3707,1092634.8483347893
3708,580985.9332151413
3709,332153.0474257469
3710,433940.36870765686
3711,681949.8442521095
3712,464429.3599090576
3713,493256.96617364883
3714,402704.20364904404
3715,389376.0281467438
3716,358894.44754838943
3717,448638.4610695839
3718,549027.3004961014
3719,697805.2238206863
3720,665412.8372354507
3721,779078.8750309944
3722,580035.237745285
3723,818467.2552747726
3724,234500.8290157318
3725,329916.7557940483
3726,325036.072637558
3727,566224.2483286858
3728,297703.4199538231
3729,370472.6886792183
3730,429481.9850783348
3731,505349.3719806671
3732,505172.8080587387
3733,370440.5369462967
3734,1097384.314543724
3735,596851.2373175621
3736,452405.4847955704
3737,378048.3116750717
3738,328671.704041481
3739,318902.2224879265
3740,834239.0647463799
3741,405560.5154862404
3742,616246.7610449791
3743,906230.9477615356
3744,1062259.7982997894
3745,631648.728468895
3746,571481.3295507431
3747,283052.2254123688
3748,257092.90929079056
3749,493163.7502846718
3750,2862443.4180517197
3751,373000.1156229973
3752,155886.82712364197
3753,282831.40124845505
3754,349298.1574110985
3755,416631.6376223564
3756,448783.3791217804
3757,338717.9780011177
3758,511955.21604442596
3759,668069.8268327713
3760,2221544.316257477
3761,433167.402654171
3762,919087.8670144081
3763,641327.5244131088
3764,426475.0337424278
3765,479236.8277578354
3766,222860.5004734993
3767,886222.864159584
3768,363673.3767924309
3769,677300.9267830849
3770,658674.2096934319
3771,382706.74427843094
3772,614246.547027111
3773,643623.574991703
3774,791050.3339591026
3775,274792.2487516403
3776,786775.7252259254
3777,386701.5769305229
3778,285982.9958386421
3779,387166.68533468246
3780,304464.9677219391
3781,665913.1711173058
3782,696718.6366753578
3783,611255.4401049614
3784,490151.9110674858
3785,526640.5674118996
3786,543020.3148050308
3787,444683.8184351921
3788,330630.59160900116
3789,325197.43410539627
3790,351100.9169521332
3791,349127.8456850052
3792,691827.0057477951
3793,473608.7544980049
3794,597501.1772317886
3795,633667.9036340714
3796,402991.8238224983
3797,208388.86963367462
3798,582137.0295128822
3799,386488.6142792702
3800,669926.7646813393
3801,576964.7453303337
3802,236831.1889514923
3803,235748.17348194122
3804,496293.81332969666
3805,145871.30421686172
3806,467802.5684399605
3807,786715.3435964584
3808,586025.0531158447
3809,383158.4636516571
3810,554917.1323895454
3811,332334.5228290558
3812,578153.0216779709
3813,661108.1984858513
3814,578291.3050909042
3815,967006.3539829254
3816,368097.57953214645
3817,315896.71198272705
3818,419450.8265748024
3819,305894.8501434326
3820,402804.0800423622
3821,556550.5206122398
3822,647259.3160800934
3823,440558.3401660919
3824,871689.230383873
3825,445240.0859093666
3826,494758.27562236786
3827,310034.53962802887
3828,634717.1475076675
3829,674843.2146463394
3830,922179.8232975006
3831,507576.1853289604
3832,574029.1002221107
3833,562668.4263572693
3834,277741.47572517395
3835,594741.5490112305
3836,447648.6259112358
3837,362691.70345306396
3838,772372.7540440559
3839,359962.34354400635
3840,503839.26809453964
3841,563799.9875731468
3842,302750.43941640854
3843,514943.78057193756
3844,400098.83393001556
3845,315998.61483192444
3846,521203.7305512428
3847,313196.3020439148
3848,417965.0535068512
3849,308381.93057250977
3850,230435.83521842957
3851,1161209.3099455833
3852,515309.5031161308
3853,895428.5615496635
3854,767961.4110789299
3855,836526.9755454063
3856,613953.358537674
3857,908527.2199010849
3858,1966804.7410154343
3859,930203.3874258995
3860,1141176.966846943
3861,280149.6164302826
3862,395271.59127664566
3863,652737.631289959
3864,1020142.7002315521
3865,238533.05083227158
3866,345870.29972982407
3867,720220.754805088
3868,986033.7301092148
3869,465365.5377936363
3870,447503.60010147095
3871,518633.55093717575
3872,858397.9148030281
3873,972864.4648275375
3874,337579.87386989594
3875,510203.0984797478
3876,1559666.2103848457
3877,120414.35727834702
3878,542408.9015593529
3879,855709.7510228157
3880,210638.55130290985
3881,693716.4724183083
3882,577245.5421118736
3883,577305.5619802475
3884,619873.4658608437
3885,807605.3265638351
3886,684814.7171559334
3887,481794.3508877754
3888,779025.4020862579
3889,683665.1727399826
3890,399614.8676891327
3891,629572.131629467
3892,183894.2340464592
3893,384833.44711589813
3894,449149.463162899
3895,272540.74144649506
3896,638661.7885499
3897,313182.8550462723
3898,497596.69914627075
3899,460514.6583800316
3900,369187.12183618546
3901,427795.17656326294
3902,605775.6673150063
3903,661894.680205822
3904,393028.1902284622
3905,418456.33506155014
3906,827194.8888583183
3907,431986.2343277931
3908,470796.66068792343
3909,521912.2625184059
3910,564209.8652410507
3911,2022423.7170448303
3912,620716.6893310547
3913,414844.46657419205
3914,730164.5403461456
3915,481276.3696498871
3916,373818.1569275856
3917,846056.2274017334
3918,1093056.161149025
3919,369111.3540992737
3920,417389.7072916031
3921,376154.8039894104
3922,441334.6385278702
3923,602135.4327955246
3924,696406.6903934479
3925,292643.3260731697
3926,387542.2620277405
3927,392100.687207222
3928,379667.7193827629
3929,742990.6052761078
3930,373222.85441732407
3931,223355.88963747025
3932,344337.8103404045
3933,574790.0622987747
3934,488194.4696865082
3935,500599.7848186493
3936,351649.9388165474
3937,999433.0590510368
3938,410634.84799194336
3939,442603.352874279
3940,356468.7184624672
3941,431995.9838728905
3942,243400.4758286476
3943,520964.74019765854
3944,680813.8162531853
3945,687664.55681324
3946,305621.86527204514
3947,730192.0570521355
3948,167318.3136935234
3949,305755.66908311844
3950,559066.8504304886
3951,371732.28208065033
3952,401855.497800827
3953,618821.3647418022
3954,522223.35511541367
3955,360132.08513975143
3956,542891.1771054268
3957,446259.52772045135
3958,659236.1362686157
3959,545895.6921210289
3960,549733.1314873695
3961,498879.2255535126
3962,158847.52200317383
3963,533696.7856616974
3964,925798.32554245
3965,466849.46333408356
3966,82496.57454395294
3967,558944.6896533966
3968,1189762.9451107979
3969,391057.0751256943
3970,621496.3301234245
3971,843979.3387203217
3972,477835.84839963913
3973,415056.55081653595
3974,557840.4903392792
3975,481311.20877838135
3976,420093.3079919815
3977,453418.91911029816
3978,456255.9520587921
3979,347077.7217063904
3980,475466.474752903
3981,435730.28404045105
3982,394653.3013410568
3983,813229.7868962288
3984,558482.1509609222
3985,1043471.185611248
3986,321828.84398031235
3987,388819.2248158455
3988,283850.9511227608
3989,332932.83149290085
3990,470318.6453485489
3991,485456.9104118347
3992,562446.4215021133
3993,937493.3141479492
3994,615699.2598748207
3995,435397.1238832474
3996,372147.6815481186
3997,614711.9179883003
3998,568581.6614131927
3999,371297.11884212494
4000,517206.59523820877
4001,433286.6730837822
4002,303574.3105802536
4003,356717.3559846878
4004,675503.7600865364
4005,253125.1218905449
4006,511446.82776641846
4007,585390.74802351
4008,408986.4237318039
4009,410223.99389505386
4010,327249.56130599976
4011,572791.9612660408
4012,447957.24510002136
4013,302216.05343437195
4014,661164.4804573059
4015,429120.25861120224
4016,461245.10023736954
4017,341026.65970897675
4018,508671.87400102615
4019,640103.9602031708
4020,1861958.2260632515
4021,485914.4199604988
4022,491728.49412202835
4023,523548.8634443283
4024,573317.9629230499
4025,379240.2484488487
4026,1910616.8827877045
4027,631551.9360318184
4028,672489.1477952003
4029,516507.7788848877
4030,636128.1467761993
4031,1227980.7103385925
4032,885135.6003332138
4033,1075223.8467316628
4034,303800.7145700455
4035,647055.3048067093
4036,231838.00344514847
4037,863149.374833107
4038,833803.9273290634
4039,506695.6800432205
4040,678779.6784586906
4041,251801.9713025093
4042,289249.1886162758
4043,1605910.2529363632
4044,309132.0393753052
4045,304931.939473629
4046,490485.82789087296
4047,458780.8800959587
4048,391771.1728081703
4049,432854.81237745285
4050,370281.7361626625
4051,723669.6661725044
4052,563845.5799069405
4053,419867.0122513771
4054,1477278.7329587936
4055,554631.5407748222
4056,786341.500825882
4057,429005.84237957
4058,525476.0869956017
4059,523983.50728702545
4060,830669.9324979782
4061,140578.5288090706
4062,444483.6567597389
4063,581144.9416613579
4064,550741.1635923386
4065,801082.8894648552
4066,313664.81841516495
4067,868069.8244652748
4068,509662.379948616
4069,697241.3329386711
4070,285714.2298603058
4071,487140.6664595604
4072,352195.2287559509
4073,499224.25295448303
4074,457830.6475162506
4075,358687.42769527435
4076,391693.48642349243
4077,699585.8134622574
4078,2107616.046980381
4079,498557.25628709793
4080,361203.6000185013
4081,485135.54614305496
4082,1297661.9004268646
4083,153499.18748569489
4084,850201.8250827789
4085,939142.5001368523
4086,374809.556350708
4087,350518.6764435768
4088,385070.42414855957
4089,467188.0126671791
4090,489964.96619558334
4091,367123.0882167816
4092,508176.3995528221
4093,1721495.4595632553
4094,516294.21554613113
4095,462559.49821805954
4096,419400.52246046066
4097,359962.34354400635
4098,414867.1472091675
4099,398612.28578329086
4100,312367.5480475426
4101,217572.8474969864
4102,368374.65600681305
4103,433024.2046470642
4104,834474.4081606865
4105,596851.2373175621
4106,574344.5499410629
4107,419268.2401161194
4108,392080.6068620682
4109,676345.6839489937
4110,276378.6616101265
4111,319499.74436569214
4112,332481.460272789
4113,752340.4382977486
4114,357554.59803152084
4115,455660.3023581505
4116,475277.27893972397
4117,299488.81132888794
4118,505572.00437164307
4119,342900.7272057533
4120,892926.3646068573
4121,283412.2850923538
4122,350518.52987623215
4123,698754.8231124878
4124,730346.7794566154
4125,338829.0087900162
4126,469863.1617650986
4127,495500.2297677994
4128,740060.6294455528
4129,587961.9005174637
4130,286489.0892472267
4131,478639.07957839966
4132,363591.956114769
4133,557673.4792575836
4134,1030361.769961834
4135,852374.0683684349
4136,934011.8094906807
4137,413646.54894447327
4138,456136.4464507103
4139,367259.1352300644
4140,557878.2499475479
4141,795880.1432213783
4142,751224.75527668
4143,608970.7984161377
4144,452870.9626469612
4145,491332.26585006714
4146,473054.2401561737
4147,388867.0253081322
4148,514423.7614889145
4149,581601.8716144562
4150,439273.07593774796
4151,780232.6275882721
4152,481308.9829006195
4153,380188.0007362366
4154,426090.78859090805
4155,431609.3873729706
4156,341106.3037748337
4157,379813.8999938965
4158,409748.92974996567
4159,714082.9318819046
4160,772226.7418417931
4161,292773.75342845917
4162,404627.8733882904
4163,337550.69239616394
4164,466033.48662519455
4165,367469.7208251953
4166,419839.5294075012
4167,473107.9536933899
4168,428718.0854358673
4169,456804.46276950836
4170,1116524.8016562462
4171,632778.0864872932
4172,464849.73041009903
4173,283235.3888773918
4174,461907.4136533737
4175,795045.9104361534
4176,509486.5675663948
4177,2052511.7053484917
4178,727780.3295321465
4179,983623.1269712448
4180,392226.5441122055
4181,649441.769683361
4182,351860.98988103867
4183,1721252.9003601074
4184,452444.1386947632
4185,319680.6801934242
4186,448511.3605327606
4187,954217.7109246254
4188,651344.8758759499
4189,303163.9331650734
4190,423696.62939310074
4191,535865.672170639
4192,658091.8303222656
4193,502168.31207847595
4194,879646.8810119629
4195,1199117.9946126938
4196,1159839.5003552437
4197,578950.3960504532
4198,691318.1984882355
4199,444954.11190605164
4200,475837.142537117
4201,401498.96261644363
4202,566107.8992452621
4203,800651.699107647
4204,1044771.9160075188
4205,660157.5184373856
4206,641174.1379857063
4207,454198.6988081932
4208,475092.9987502098
4209,943676.2716813087
4210,535405.023542881
4211,1078608.5864019394
4212,478701.806327343
4213,605649.0699496269
4214,764797.6954674721
4215,1303387.2040486336
4216,2019815.0434837341
4217,442583.3178024292
4218,472303.00129652023
4219,605143.8723359108
4220,433877.0356826782
4221,504107.91786146164
4222,386698.2118816376
4223,533412.1385631561
4224,2000109.3887953758
4225,806460.5248141289
4226,451214.01248693466
4227,440544.4589796066
4228,472303.00129652023
4229,368912.20015764236
4230,1195508.8171834946
4231,1142944.329990387
4232,391492.4539704323
4233,576406.4692292213
4234,881278.5358371735
4235,1058930.396539688
4236,250382.94644784927
4237,585084.8056521416
4238,513770.2750592232
4239,676769.3136806488
4240,2591835.707121372
4241,311295.99314403534
4242,1075116.7709317207
4243,1042565.1986665726
4244,466697.3662548065
4245,203724.50567531586
4246,302347.28955984116
4247,402045.03505945206
4248,347891.58052539825
4249,524638.6144576073
4250,1417475.4009022713
4251,378405.0716428757
4252,743881.0186414719
4253,426195.5293059349
4254,501999.380569458
4255,372345.54676532745
4256,584769.1732902527
4257,403218.4616160393
4258,188686.18345022202
4259,403061.9941687584
4260,312697.256919384
4261,1071342.8950061798
4262,393687.3652319908
4263,377855.8706564903
4264,452657.62680482864
4265,436378.8361296654
4266,441969.8535451889
4267,471180.9298353195
4268,494153.4080300331
4269,375810.56595754623
4270,681020.483022213
4271,1052583.695690155
4272,580313.6076231003
4273,377447.91017341614
4274,620480.1037812233
4275,292806.3957338333
4276,516667.7984275818
4277,593229.2491679192
4278,1659234.6629800797
4279,413744.27163362503
4280,345156.62349128723
4281,607988.6297111511
4282,337208.5719985962
4283,707831.0518107414
4284,496163.2566356659
4285,398036.725836277
4286,2915465.649439335
4287,665875.0996103287
4288,296273.111123085
4289,682010.743739605
4290,577045.713935852
4291,611604.3056054115
4292,462168.32730436325
4293,374383.37499427795
4294,348317.90817308426
4295,241749.47918701172
4296,462168.8434205055
4297,513663.56476688385
4298,391971.97569942474
4299,379708.2521934509
4300,1384177.7666368484
4301,529456.8696417809
4302,469531.26125621796
4303,1183880.9435033798
4304,411117.8267855644
4305,469152.9236550331
4306,674484.4094119072
4307,1390633.5109930038
4308,508809.67952156067
4309,903656.1580543518
4310,2026171.667954445
4311,501802.49423503876
4312,209209.4664607048
4313,498016.4431319237
4314,445400.4213309288
4315,566525.5418949127
4316,893281.4983706474
4317,436952.43243837357
4318,490151.9110674858
4319,481246.00744104385
4320,283726.9439339638
4321,416977.77883052826
4322,285244.709839344
